Songs For Swingin' Lovers!,Frank Sinatra,1956,spotify:album:4kca7vXd1Wo5GE2DMafvMc,https://www.youtube.com/results?search_query=Songs%20For%20Swingin'%20Lovers!%20-%20Frank%20Sinatra,https://music.apple.com/album/1440841946,Jazz
In The Wee Small Hours,Frank Sinatra,1955,spotify:album:3GmwKB1tgPZgXeRJZSm9WX,https://www.youtube.com/results?search_query=In%20The%20Wee%20Small%20Hours%20-%20Frank%20Sinatra,https://music.apple.com/album/1440815019,Jazz
Tragic Songs of Life,The Louvin Brothers,1956,spotify:album:5JZCCzamSeSAzsePPi632S,https://www.youtube.com/results?search_query=Tragic%20Songs%20of%20Life%20-%20The%20Louvin%20Brothers,https://music.apple.com/album/1615489964,Folk|Country
Elvis Presley,Elvis Presley,1956,spotify:album:7GXP5OhYyPVLmcVfO9Iqin,https://www.youtube.com/results?search_query=Elvis%20Presley%20-%20Elvis%20Presley,https://music.apple.com/album/671019373,Rock
Kenya,Machito,1957,spotify:album:1BHUIrORQwywRkl5cjapQz,https://www.youtube.com/results?search_query=Kenya%20-%20Machito,https://music.apple.com/album/696175088,Jazz
The Wildest!,Louis Prima,1956,spotify:album:4icS85G6VGPbFlB9UGPxct,https://www.youtube.com/results?search_query=The%20Wildest!%20-%20Louis%20Prima,https://music.apple.com/album/725786218,Jazz|Blues
Ellington at Newport,Duke Ellington,1956,spotify:album:0t41BkcZayaAsa0FdRelfz,https://www.youtube.com/results?search_query=Ellington%20at%20Newport%20-%20Duke%20Ellington,https://music.apple.com/album/902277483,Jazz
Palo Congo,Sabu,1957,spotify:album:0yPE5s2h0XF9Umc6ENEKE8,https://www.youtube.com/results?search_query=Palo%20Congo%20-%20Sabu,https://music.apple.com/album/724750084,World|Jazz
This Is Fats Domino,Fats Domino,1957,spotify:album:2phQN0obJGFy6fLKXlIts6,https://www.youtube.com/results?search_query=This%20Is%20Fats%20Domino%20-%20Fats%20Domino,https://music.apple.com/album/765770498,Blues|Rock|Soul
Birth Of The Cool,Miles Davis,1957,spotify:album:3wG8DcAJVgr7sbWNvKanzS,https://www.youtube.com/results?search_query=Birth%20Of%20The%20Cool%20-%20Miles%20Davis,https://music.apple.com/album/1440951879,Jazz
Brilliant Corners,Thelonious Monk,1957,spotify:album:5gWF47eGSbv4BOfxoFcQtd,https://www.youtube.com/results?search_query=Brilliant%20Corners%20-%20Thelonious%20Monk,https://music.apple.com/album/1467953578,Jazz
Here's Little Richard,Little Richard,1957,spotify:album:4CfyfJWb1HSabAjdcLeThs,https://www.youtube.com/results?search_query=Here's%20Little%20Richard%20-%20Little%20Richard,https://music.apple.com/album/1440936634,Rock|Blues
Chirping Crickets,Buddy Holly & The Crickets,1957,spotify:album:1KfXNUbZrdwHMtkAGNBLBq,https://www.youtube.com/results?search_query=Chirping%20Crickets%20-%20Buddy%20Holly%20&%20The%20Crickets,https://music.apple.com/album/1469585360,Pop|Rock
At Mister Kelly's,Sarah Vaughan,1957,spotify:album:1Gtq3swNqCftSAffwXdjum,https://www.youtube.com/results?search_query=At%20Mister%20Kelly's%20-%20Sarah%20Vaughan,https://music.apple.com/album/1445099082,Jazz
The Sounds Of India,Ravi Shankar,1957,spotify:album:4aSIyoC7BdDebquu0WgcFK,https://www.youtube.com/results?search_query=The%20Sounds%20Of%20India%20-%20Ravi%20Shankar,https://music.apple.com/album/185644706,World
The Atomic Mr Basie,Count Basie & His Orchestra,1958,spotify:album:03M3VID0s2wANlxJIJBWKb,https://www.youtube.com/results?search_query=The%20Atomic%20Mr%20Basie%20-%20Count%20Basie%20&%20His%20Orchestra,https://music.apple.com/album/691483986,Jazz
Jack Takes the Floor,Ramblin' Jack Elliott,1958,spotify:album:1oZw4qudz6LEnJ5IAIFy8u,https://www.youtube.com/results?search_query=Jack%20Takes%20the%20Floor%20-%20Ramblin'%20Jack%20Elliott,https://music.apple.com/album/not%20on%20apple%20music,Folk|Country
Dance Mania,Tito Puente,1958,spotify:album:1XjabdmwipT62cLSZV45SU,https://www.youtube.com/results?search_query=Dance%20Mania%20-%20Tito%20Puente,https://music.apple.com/album/252742319,Jazz|Latin
Lady In Satin,Billie Holiday,1958,spotify:album:5myXQ7U373A3DMPtuaojcm,https://www.youtube.com/results?search_query=Lady%20In%20Satin%20-%20Billie%20Holiday,https://music.apple.com/album/978824792,Jazz
Gunfighter Ballads And Trail Songs,Marty Robbins,1959,spotify:album:3kQpBS26lAj0A0VGl1snRl,https://www.youtube.com/results?search_query=Gunfighter%20Ballads%20And%20Trail%20Songs%20-%20Marty%20Robbins,https://music.apple.com/album/158516933,Country
The Genius Of Ray Charles,Ray Charles,1959,spotify:album:4GFWnwli2cVOBp2G1zqhV1,https://www.youtube.com/results?search_query=The%20Genius%20Of%20Ray%20Charles%20-%20Ray%20Charles,https://music.apple.com/album/46592212,Soul|Jazz
Kind Of Blue,Miles Davis,1959,spotify:album:1weenld61qoidwYuZ1GESA,https://www.youtube.com/results?search_query=Kind%20Of%20Blue%20-%20Miles%20Davis,https://music.apple.com/album/268443092,Jazz
The Gershwin Songbook,Ella Fitzgerald,1959,spotify:album:0R4cTfOy202dHa2x1bMnsw,https://www.youtube.com/results?search_query=The%20Gershwin%20Songbook%20-%20Ella%20Fitzgerald,https://music.apple.com/album/1469619207,Jazz
Time Out,The Dave Brubeck Quartet,1959,spotify:album:6P3jzdPK5VMbzuJ2HcRt9y,https://www.youtube.com/results?search_query=Time%20Out%20-%20The%20Dave%20Brubeck%20Quartet,https://music.apple.com/album/193085545,Jazz
At Newport 1960,Muddy Waters,1960,spotify:album:0kDWc46IZOmh5nF7h8ZKue,https://www.youtube.com/results?search_query=At%20Newport%201960%20-%20Muddy%20Waters,https://music.apple.com/album/1484105309,Blues
A Date With The Everly Brothers,The Everly Brothers,1960,spotify:album:4Nro0nGcWVybv8cZXmSU4P,https://www.youtube.com/results?search_query=A%20Date%20With%20The%20Everly%20Brothers%20-%20The%20Everly%20Brothers,https://music.apple.com/album/322092870,Pop|Rock
Elvis Is Back,Elvis Presley,1960,spotify:album:2SBAAtgdyjgfTO1UMHnza1,https://www.youtube.com/results?search_query=Elvis%20Is%20Back%20-%20Elvis%20Presley,https://music.apple.com/album/948933421,Rock
Joan Baez,Joan Baez,1960,spotify:album:734AFYo34Q1zRpg9N8E2Ho,https://www.youtube.com/results?search_query=Joan%20Baez%20-%20Joan%20Baez,https://music.apple.com/album/712142976,Folk
Miriam Makeba,Miriam Makeba,1960,spotify:album:4E067sQw5yPAQ79HORHdAT,https://www.youtube.com/results?search_query=Miriam%20Makeba%20-%20Miriam%20Makeba,https://music.apple.com/album/598979882,Jazz|World
Sunday At The Village Vanguard,Bill Evans Trio,1961,spotify:album:3uwufR7PwniMX7t3v4I5oB,https://www.youtube.com/results?search_query=Sunday%20At%20The%20Village%20Vanguard%20-%20Bill%20Evans%20Trio,https://music.apple.com/album/1440926338,Jazz
Green Onions,Booker T. & The MG's,1962,spotify:album:2aGFVLz0oQPa3uxCfq9lcU,https://www.youtube.com/results?search_query=Green%20Onions%20-%20Booker%20T.%20&%20The%20MG's,https://music.apple.com/album/159363079,Soul|Funk
Modern Sounds in Country and Western Music,Ray Charles,1962,spotify:album:4j4w5DDWMKD7ePStAl19OF,https://www.youtube.com/results?search_query=Modern%20Sounds%20in%20Country%20and%20Western%20Music%20-%20Ray%20Charles,https://music.apple.com/album/1477684012,Soul|Blues
Jazz Samba,Stan Getz,1962,spotify:album:5Lyz7ZD1UaPq6WoEqTOqom,https://www.youtube.com/results?search_query=Jazz%20Samba%20-%20Stan%20Getz,https://music.apple.com/album/1469580375,Jazz|Latin
The Freewheelin' Bob Dylan,Bob Dylan,1963,spotify:album:0o1uFxZ1VTviqvNaYkTJek,https://www.youtube.com/results?search_query=The%20Freewheelin'%20Bob%20Dylan%20-%20Bob%20Dylan,https://music.apple.com/album/190758914,Rock|Folk
With The Beatles,Beatles,1963,spotify:album:1aYdiJk6XKeHWGO3FzHHTr,https://www.youtube.com/results?search_query=With%20The%20Beatles%20-%20Beatles,https://music.apple.com/album/1441164362,Rock|Pop
Back At The Chicken Shack,Jimmy Smith,1963,spotify:album:6YhvR14clg0yibdTKB5aBv,https://www.youtube.com/results?search_query=Back%20At%20The%20Chicken%20Shack%20-%20Jimmy%20Smith,https://music.apple.com/album/724622238,Jazz|Funk|Blues
The Black Saint And The Sinner Lady,Charles Mingus,1963,spotify:album:5K3hgJYRyL5H40e9a1940R,https://www.youtube.com/results?search_query=The%20Black%20Saint%20And%20The%20Sinner%20Lady%20-%20Charles%20Mingus,https://music.apple.com/album/1443280597,Jazz
James Brown Live At The Apollo,James Brown,1963,spotify:album:0B6BbyElOe4bwziJrunOTe,https://www.youtube.com/results?search_query=James%20Brown%20Live%20At%20The%20Apollo%20-%20James%20Brown,https://music.apple.com/album/1445669062,Funk|Soul
Night Life,Ray Price,1963,spotify:album:2Y0VJl24zRlX25oILvBK36,https://www.youtube.com/results?search_query=Night%20Life%20-%20Ray%20Price,https://music.apple.com/album/1153765049,Country
Live At The Harlem Square Club,Sam Cooke,1963,spotify:album:3nTXqOEHr6AfTb1WSaB4Pm,https://www.youtube.com/results?search_query=Live%20At%20The%20Harlem%20Square%20Club%20-%20Sam%20Cooke,https://music.apple.com/album/304822401,Soul
Olympia 64,Jacques Brel,1964,spotify:album:5LeFF1RfG7fTnBg8yqwlYM,https://www.youtube.com/results?search_query=Olympia%2064%20-%20Jacques%20Brel,https://music.apple.com/album/1443496730,Pop|Rock
A Girl Called Dusty,Dusty Springfield,1964,spotify:album:1ulDMEpgJC1L4W05dMyqHl,https://www.youtube.com/results?search_query=A%20Girl%20Called%20Dusty%20-%20Dusty%20Springfield,https://music.apple.com/album/1443726966,Pop|Folk|Soul|Jazz
"Live At The Star Club, Hamburg",Jerry Lee Lewis,1964,spotify:album:6pqT4OHQ2QZW77gWehUeLm,"https://www.youtube.com/results?search_query=Live%20At%20The%20Star%20Club,%20Hamburg%20-%20Jerry%20Lee%20Lewis",https://music.apple.com/album/1444108226,Rock
A Hard Day's Night,Beatles,1964,spotify:album:6wCttLq0ADzkPgtRnUihLV,https://www.youtube.com/results?search_query=A%20Hard%20Day's%20Night%20-%20Beatles,https://music.apple.com/album/1441164416,Rock|Pop
Rock 'N Soul,Solomon Burke,1964,spotify:album:152R8N9N0ACnWPNOBIO4M8,https://www.youtube.com/results?search_query=Rock%20'N%20Soul%20-%20Solomon%20Burke,https://music.apple.com/album/530966861,Soul
The Rolling Stones,The Rolling Stones,1964,spotify:album:0bJMFJ2XQwpO5nKTrYdUtX,https://www.youtube.com/results?search_query=The%20Rolling%20Stones%20-%20The%20Rolling%20Stones,https://music.apple.com/album/1440800035,Rock|Blues
Getz/Gilberto,Stan Getz,1964,spotify:album:73ZRKdD3Ds43IjHrhKgucY,https://www.youtube.com/results?search_query=Getz/Gilberto%20-%20Stan%20Getz,https://music.apple.com/album/1422655717,Jazz|Latin
My Generation,The Who,1965,spotify:album:1JAdpYypQlNaPjL3kHgRZm,https://www.youtube.com/results?search_query=My%20Generation%20-%20The%20Who,https://music.apple.com/album/1443123252,Rock
Bringing It All Back Home,Bob Dylan,1965,spotify:album:1lPoRKSgZHQAYXxzBsOQ7v,https://www.youtube.com/results?search_query=Bringing%20It%20All%20Back%20Home%20-%20Bob%20Dylan,https://music.apple.com/album/177964575,Rock|Folk
Mr. Tambourine Man,The Byrds,1965,spotify:album:0pkrqPjeq9K5KD0hFqAKNa,https://www.youtube.com/results?search_query=Mr.%20Tambourine%20Man%20-%20The%20Byrds,https://music.apple.com/album/153421296,Rock|Folk
Live At The Regal,B.B. King,1965,spotify:album:3Vp5uEx8koFke8NyfElrlD,https://www.youtube.com/results?search_query=Live%20At%20The%20Regal%20-%20B.B.%20King,https://music.apple.com/album/1440831941,Blues
Bert Jansch,Bert Jansch,1965,spotify:album:2Fqo2YzPayuwaiUJEqUMGy,https://www.youtube.com/results?search_query=Bert%20Jansch%20-%20Bert%20Jansch,https://music.apple.com/album/1140699596,Folk|Blues
I’ve Got a Tiger By the Tail,Buck Owens,1965,spotify:album:1h5xomkdLABZzzJZqd9ZDu,https://www.youtube.com/results?search_query=I%E2%80%99ve%20Got%20a%20Tiger%20By%20the%20Tail%20-%20Buck%20Owens,https://music.apple.com/album/1470164610,Country
Rubber Soul,Beatles,1965,spotify:album:50o7kf2wLwVmOTVYJOTplm,https://www.youtube.com/results?search_query=Rubber%20Soul%20-%20Beatles,https://music.apple.com/album/1441164359,Rock|Pop
Here Are the Sonics,The Sonics,1965,spotify:album:4vqaqoTEbNyeeSHJA6KpdM,https://www.youtube.com/results?search_query=Here%20Are%20the%20Sonics%20-%20The%20Sonics,https://music.apple.com/album/626208502,Rock
Otis Blue/Otis Redding Sings Soul,Otis Redding,1965,spotify:album:2P0TLZSGxpDmYdp16bI4hv,https://www.youtube.com/results?search_query=Otis%20Blue/Otis%20Redding%20Sings%20Soul%20-%20Otis%20Redding,https://music.apple.com/album/922351495,Soul|Blues
A Love Supreme,John Coltrane,1965,spotify:album:7Eoz7hJvaX1eFkbpQxC5PA,https://www.youtube.com/results?search_query=A%20Love%20Supreme%20-%20John%20Coltrane,https://music.apple.com/album/1440713018,Jazz
Highway 61 Revisited,Bob Dylan,1965,spotify:album:6YabPKtZAjxwyWbuO9p4ZD,https://www.youtube.com/results?search_query=Highway%2061%20Revisited%20-%20Bob%20Dylan,https://music.apple.com/album/201281514,Rock|Folk
The Beach Boys Today!,The Beach Boys,1965,spotify:album:1xPtXzS5yCbDAqC7pxRCaF,https://www.youtube.com/results?search_query=The%20Beach%20Boys%20Today!%20-%20The%20Beach%20Boys,https://music.apple.com/album/1443096398,Pop|Rock
Black Monk Time,The Monks,1966,spotify:album:0YEmNXaNDq03tfgFmG4MOj,https://www.youtube.com/results?search_query=Black%20Monk%20Time%20-%20The%20Monks,https://music.apple.com/album/668699145,Rock
The Psychedelic Sounds of the 13th Floor Elevators,The 13th Floor Elevators,1966,spotify:album:1EPEx0lzGPCal0YRTJV66u,https://www.youtube.com/results?search_query=The%20Psychedelic%20Sounds%20of%20the%2013th%20Floor%20Elevators%20-%20The%2013th%20Floor%20Elevators,https://music.apple.com/album/558685692,Rock
Roger the Engineer,The Yardbirds,1966,spotify:album:7L002CA9JfQRiyTCzXajOP,https://www.youtube.com/results?search_query=Roger%20the%20Engineer%20-%20The%20Yardbirds,https://music.apple.com/album/1069205823,Rock|Blues
Aftermath,The Rolling Stones,1966,spotify:album:1MaP82K4mOoGYW5Ej0eUyM,https://www.youtube.com/results?search_query=Aftermath%20-%20The%20Rolling%20Stones,https://music.apple.com/album/1440745549,Rock
Fred Neil,Fred Neil,1966,spotify:album:7wpo5k9gqXQHfxISH1jatO,https://www.youtube.com/results?search_query=Fred%20Neil%20-%20Fred%20Neil,https://music.apple.com/album/716399348,Folk
Fifth Dimension,The Byrds,1966,spotify:album:1MpYGjBsBZm2wW8fvf10OO,https://www.youtube.com/results?search_query=Fifth%20Dimension%20-%20The%20Byrds,https://music.apple.com/album/275689785,Rock|Country|Folk
Face to Face,The Kinks,1966,spotify:album:3yExIlG5OQdTeWQJFoZAEn,https://www.youtube.com/results?search_query=Face%20to%20Face%20-%20The%20Kinks,https://music.apple.com/album/1361965996,Rock
Wild Is The Wind,Nina Simone,1966,spotify:album:1XG6LCgenqe1bgkG3u2cHA,https://www.youtube.com/results?search_query=Wild%20Is%20The%20Wind%20-%20Nina%20Simone,https://music.apple.com/album/1469552026,Blues|Soul|Jazz
Blonde On Blonde,Bob Dylan,1966,spotify:album:4NP1rhnsPdYpnyJP0p0k0L,https://www.youtube.com/results?search_query=Blonde%20On%20Blonde%20-%20Bob%20Dylan,https://music.apple.com/album/178049863,Rock|Folk
Revolver,Beatles,1966,spotify:album:3PRoXYsngSwjEQWR5PsHWR,https://www.youtube.com/results?search_query=Revolver%20-%20Beatles,https://music.apple.com/album/1441164670,Rock|Pop
Da Capo,Love,1966,spotify:album:47inaDdXEosHHrQc2nT7aK,https://www.youtube.com/results?search_query=Da%20Capo%20-%20Love,https://music.apple.com/album/159364442,Rock|Pop
"Parsley, Sage, Rosemary And Thyme",Simon & Garfunkel,1966,spotify:album:5dqFVDJ9lPRBCqEzufd8sF,"https://www.youtube.com/results?search_query=Parsley,%20Sage,%20Rosemary%20And%20Thyme%20-%20Simon%20&%20Garfunkel",https://music.apple.com/album/1467438660,Folk
If You Can Believe Your Eyes & Ears,The Mamas & The Papas,1966,spotify:album:76oMr4Y2pOtcrvZLc2ZikF,https://www.youtube.com/results?search_query=If%20You%20Can%20Believe%20Your%20Eyes%20&%20Ears%20-%20The%20Mamas%20&%20The%20Papas,https://music.apple.com/album/1440795791,Pop|Rock|Folk
Pet Sounds,The Beach Boys,1966,spotify:album:6GphKx2QAPRoVGWE9D7ou8,https://www.youtube.com/results?search_query=Pet%20Sounds%20-%20The%20Beach%20Boys,https://music.apple.com/album/1440841241,Pop|Rock
Bluesbreakers,John Mayall & The Bluesbreakers,1966,spotify:album:3W45Tazulh4zb48uL1RV8H,https://www.youtube.com/results?search_query=Bluesbreakers%20-%20John%20Mayall%20&%20The%20Bluesbreakers,https://music.apple.com/album/1434913344,Blues|Rock
Sunshine Superman,Donovan,1966,spotify:album:2ULhVPvdhT7RREnqRWM06G,https://www.youtube.com/results?search_query=Sunshine%20Superman%20-%20Donovan,https://music.apple.com/album/197973066,Rock|Folk
Midnight Ride,Paul Revere & The Raiders,1966,spotify:album:3CFeJ5Kb9dNPaxCrdC1Dv7,https://www.youtube.com/results?search_query=Midnight%20Ride%20-%20Paul%20Revere%20&%20The%20Raiders,https://music.apple.com/album/771271444,Rock
Freak Out!,The Mothers Of Invention,1966,spotify:album:6qfS5de8GAy1G5tk7tyiof,https://www.youtube.com/results?search_query=Freak%20Out!%20-%20The%20Mothers%20Of%20Invention,https://music.apple.com/album/1440928854,Rock
Moby Grape,Moby Grape,1967,spotify:album:5MTUjDTUWFuyhWW7oRqqmi,https://www.youtube.com/results?search_query=Moby%20Grape%20-%20Moby%20Grape,https://music.apple.com/album/267031218,Rock|Country
The Velvet Underground & Nico,The Velvet Underground,1967,spotify:album:4xwx0x7k6c5VuThz5qVqmV,https://www.youtube.com/results?search_query=The%20Velvet%20Underground%20&%20Nico%20-%20The%20Velvet%20Underground,https://music.apple.com/album/1440851613,Rock
Beach Samba,Astrud Gilberto,1967,spotify:album:0lz2QKjOwWpgzzouOUNWoe,https://www.youtube.com/results?search_query=Beach%20Samba%20-%20Astrud%20Gilberto,https://music.apple.com/album/1443195351,Jazz|Latin
Electric Prunes,The Electric Prunes,1967,spotify:album:2HDvpJuWTI97BnZbJOxBzj,https://www.youtube.com/results?search_query=Electric%20Prunes%20-%20The%20Electric%20Prunes,https://music.apple.com/album/655574615,Rock
Francis Albert Sinatra & Antonio Carlos Jobim,Frank Sinatra,1967,spotify:album:1DcmsgvmP94BH8XShg74N0,https://www.youtube.com/results?search_query=Francis%20Albert%20Sinatra%20&%20Antonio%20Carlos%20Jobim%20-%20Frank%20Sinatra,https://music.apple.com/album/1443124713,Jazz|Latin
Goodbye And Hello,Tim Buckley,1967,spotify:album:1jKfTvT64lcQwA74WmkKiJ,https://www.youtube.com/results?search_query=Goodbye%20And%20Hello%20-%20Tim%20Buckley,https://music.apple.com/album/393790303,Folk|Rock
Songs Of Leonard Cohen,Leonard Cohen,1967,spotify:album:2Aiv0ThDpFa7lqHphR6MN5,https://www.youtube.com/results?search_query=Songs%20Of%20Leonard%20Cohen%20-%20Leonard%20Cohen,https://music.apple.com/album/191437839,Folk|Rock
Don't Come Home A Drinkin' (With Lovin' On Your Mind),Loretta Lynn,1967,spotify:album:2QOJAnJyPVu6DnlWJT1iZy,https://www.youtube.com/results?search_query=Don't%20Come%20Home%20A%20Drinkin'%20(With%20Lovin'%20On%20Your%20Mind)%20-%20Loretta%20Lynn,https://music.apple.com/album/1444207380,Country|Folk
Headquarters,The Monkees,1967,spotify:album:2Xy4kclO1HRW9TGMPgpK2B,https://www.youtube.com/results?search_query=Headquarters%20-%20The%20Monkees,https://music.apple.com/album/1114632567,Pop|Rock
Younger Than Yesterday,The Byrds,1967,spotify:album:33puYJ2y5qANDenRmL8BS1,https://www.youtube.com/results?search_query=Younger%20Than%20Yesterday%20-%20The%20Byrds,https://music.apple.com/album/648526404,Rock|Country|Folk
The Doors,The Doors,1967,spotify:album:1jWmEhn3ggaL6isoyLfwBn,https://www.youtube.com/results?search_query=The%20Doors%20-%20The%20Doors,https://music.apple.com/album/1192962129,Rock
Something Else By The Kinks,The Kinks,1967,spotify:album:3SHtv5ToASRVvdxDnGOwtP,https://www.youtube.com/results?search_query=Something%20Else%20By%20The%20Kinks%20-%20The%20Kinks,https://music.apple.com/album/1361968256,Rock|Pop
Surrealistic Pillow,Jefferson Airplane,1967,spotify:album:6lPb7Eoon6QPbscWbMsk6a,https://www.youtube.com/results?search_query=Surrealistic%20Pillow%20-%20Jefferson%20Airplane,https://music.apple.com/album/281811707,Rock
Axis: Bold As Love,Jimi Hendrix,1967,spotify:album:3uFZf8rykoHo7XMIQVYW6r,https://www.youtube.com/results?search_query=Axis:%20Bold%20As%20Love%20-%20Jimi%20Hendrix,https://music.apple.com/album/357222341,Rock
I’m a Lonesome Fugitive,Merle Haggard,1967,spotify:album:3sWVVl0RzliQSiN5OTRGlM,https://www.youtube.com/results?search_query=I%E2%80%99m%20a%20Lonesome%20Fugitive%20-%20Merle%20Haggard,https://music.apple.com/album/724550724,Country
The Piper At The Gates Of Dawn,Pink Floyd,1967,spotify:album:4Qgz29mI2wJFD1tbnXqj7V,https://www.youtube.com/results?search_query=The%20Piper%20At%20The%20Gates%20Of%20Dawn%20-%20Pink%20Floyd,https://music.apple.com/album/1065975041,Rock
Chelsea Girl,Nico,1967,spotify:album:4jcbc5NOowR1ymMlCMwgHZ,https://www.youtube.com/results?search_query=Chelsea%20Girl%20-%20Nico,https://music.apple.com/album/1434905789,Pop|Rock|Folk
Disraeli Gears,Cream,1967,spotify:album:4SMNUQCyTvlO4vFEdXXG45,https://www.youtube.com/results?search_query=Disraeli%20Gears%20-%20Cream,https://music.apple.com/album/1440817229,Rock
Groovin',The Young Rascals,1967,spotify:album:5aQE05ji4wayN65QCZkl0U,https://www.youtube.com/results?search_query=Groovin'%20-%20The%20Young%20Rascals,https://music.apple.com/album/140781811,Rock|Pop
The Who Sell Out,The Who,1967,spotify:album:2nbxElNcpz1C8LudsOW3ZH,https://www.youtube.com/results?search_query=The%20Who%20Sell%20Out%20-%20The%20Who,https://music.apple.com/album/1443207443,Rock
Sgt. Pepper's Lonely Hearts Club Band,Beatles,1967,spotify:album:6QaVfG1pHYl1z15ZxkvVDW,https://www.youtube.com/results?search_query=Sgt.%20Pepper's%20Lonely%20Hearts%20Club%20Band%20-%20Beatles,https://music.apple.com/album/1441164604,Rock|Pop
Forever Changes,Love,1967,spotify:album:6myt0Ez6hGJIPQeZKgY8um,https://www.youtube.com/results?search_query=Forever%20Changes%20-%20Love,https://music.apple.com/album/1125521386,Rock|Pop
Buffalo Springfield Again,Buffalo Springfield,1967,spotify:album:7hez8jibf36E66GHpFkWz7,https://www.youtube.com/results?search_query=Buffalo%20Springfield%20Again%20-%20Buffalo%20Springfield,https://music.apple.com/album/384584309,Rock|Country|Folk
Triangle,The Beau Brummels,1967,spotify:album:6evLFi930oxXqMhKRmGMaX,https://www.youtube.com/results?search_query=Triangle%20-%20The%20Beau%20Brummels,https://music.apple.com/album/68091978,Pop|Rock|Country
Call of the Valley,Shivkumar Sharma,1967,spotify:album:0fDzIMDhfPA8lgELDXMiuh,https://www.youtube.com/results?search_query=Call%20of%20the%20Valley%20-%20Shivkumar%20Sharma,https://music.apple.com/album/258308132,World
Are You Experienced,Jimi Hendrix,1967,spotify:album:7rSZXXHHvIhF4yUFdaOCy9,https://www.youtube.com/results?search_query=Are%20You%20Experienced%20-%20Jimi%20Hendrix,https://music.apple.com/album/357225315,Rock|Blues
I Never Loved a Man the Way I Love You,Aretha Franklin,1967,spotify:album:5WndWfzGwCkHzAbQXVkg2V,https://www.youtube.com/results?search_query=I%20Never%20Loved%20a%20Man%20the%20Way%20I%20Love%20You%20-%20Aretha%20Franklin,https://music.apple.com/album/937107826,Soul
Electric Music For The Mind And Body,Country Joe & The Fish,1967,spotify:album:1PdqT2EZfFkWTsN18x1SZk,https://www.youtube.com/results?search_query=Electric%20Music%20For%20The%20Mind%20And%20Body%20-%20Country%20Joe%20&%20The%20Fish,https://music.apple.com/album/711998653,Rock
Safe As Milk,Captain Beefheart & His Magic Band,1967,spotify:album:0DFhGsFKG7G58cke33GlAh,https://www.youtube.com/results?search_query=Safe%20As%20Milk%20-%20Captain%20Beefheart%20&%20His%20Magic%20Band,https://music.apple.com/album/290334563,Rock|Blues
Os Mutantes,Os Mutantes,1968,spotify:album:0gUoiZk9aWpg3HXaygDNp6,https://www.youtube.com/results?search_query=Os%20Mutantes%20-%20Os%20Mutantes,https://music.apple.com/album/1443152697,Rock|Latin
Music From Big Pink,The Band,1968,spotify:album:0ky5kdvfPxSmSpj03hpSAE,https://www.youtube.com/results?search_query=Music%20From%20Big%20Pink%20-%20The%20Band,https://music.apple.com/album/1440814725,Rock|Country|Folk
The Hangman's Beautiful Daughter,The Incredible String Band,1968,spotify:album:168tPkaBJZKYxSrWDo4n1h,https://www.youtube.com/results?search_query=The%20Hangman's%20Beautiful%20Daughter%20-%20The%20Incredible%20String%20Band,https://music.apple.com/album/397029395,Folk|Rock
White Light / White Heat,The Velvet Underground,1968,spotify:album:0HHmJpwOXXRJu9HI9iQiEO,https://www.youtube.com/results?search_query=White%20Light%20/%20White%20Heat%20-%20The%20Velvet%20Underground,https://music.apple.com/album/1469578042,Rock
Vincebus Eruptum,Blue Cheer,1968,spotify:album:1EWxoAI46f24l0NDCw6m1u,https://www.youtube.com/results?search_query=Vincebus%20Eruptum%20-%20Blue%20Cheer,https://music.apple.com/album/1443920355,Rock
Ogden's Nut Gone Flake,Small Faces,1968,spotify:album:1WuWBwBgL4qGTjqrKY7WDe,https://www.youtube.com/results?search_query=Ogden's%20Nut%20Gone%20Flake%20-%20Small%20Faces,https://music.apple.com/album/323024349,Rock
Gris Gris,Dr. John,1968,spotify:album:1yBoaVrgcup2hX2DCYUajs,https://www.youtube.com/results?search_query=Gris%20Gris%20-%20Dr.%20John,https://music.apple.com/album/106225386,Blues|Funk|Jazz
Cheap Thrills,Big Brother & The Holding Company,1968,spotify:album:2rogKfOpmCFuqNhtGKf2dX,https://www.youtube.com/results?search_query=Cheap%20Thrills%20-%20Big%20Brother%20&%20The%20Holding%20Company,https://music.apple.com/album/203773381,Rock
The White Album,Beatles,1968,spotify:album:1klALx0u4AavZNEvC4LrTL,https://www.youtube.com/results?search_query=The%20White%20Album%20-%20Beatles,https://music.apple.com/album/1441133180,Rock|Pop
Scott 2,Scott Walker,1968,spotify:album:2Xvjx615PC94mB2z5MqdKF,https://www.youtube.com/results?search_query=Scott%202%20-%20Scott%20Walker,https://music.apple.com/album/1442979621,Pop|Rock|Folk
Caetano Veloso,Caetano Veloso,1968,spotify:album:3idXLXoZDLQyxAHF97yguf,https://www.youtube.com/results?search_query=Caetano%20Veloso%20-%20Caetano%20Veloso,https://music.apple.com/album/1443216968,Latin|Rock
Bookends,Simon & Garfunkel,1968,spotify:album:3bzgbgiytguTDnwzflAZr2,https://www.youtube.com/results?search_query=Bookends%20-%20Simon%20&%20Garfunkel,https://music.apple.com/album/203303421,Folk
The Village Green Preservation Society,The Kinks,1968,spotify:album:0YgkR96bK9JSHcj236W9ZK,https://www.youtube.com/results?search_query=The%20Village%20Green%20Preservation%20Society%20-%20The%20Kinks,https://music.apple.com/album/1422691058,Rock|Pop
Eli And The Thirteenth Confession,Laura Nyro,1968,spotify:album:5WhCbZahNTUuoX52wm8Wuk,https://www.youtube.com/results?search_query=Eli%20And%20The%20Thirteenth%20Confession%20-%20Laura%20Nyro,https://music.apple.com/album/251016022,Pop
In-A-Gadda-Da-Vida,Iron Butterfly,1968,spotify:album:4L1Qw49gKwFuQwQovBxsKI,https://www.youtube.com/results?search_query=In-A-Gadda-Da-Vida%20-%20Iron%20Butterfly,https://music.apple.com/album/780234002,Rock
Beggars Banquet,The Rolling Stones,1968,spotify:album:5WZFtmADuJUZPtt0NER0Qi,https://www.youtube.com/results?search_query=Beggars%20Banquet%20-%20The%20Rolling%20Stones,https://music.apple.com/album/1500643395,Rock
Astral Weeks,Van Morrison,1968,spotify:album:4pG3bKkbmReDt5QTDn3JDz,https://www.youtube.com/results?search_query=Astral%20Weeks%20-%20Van%20Morrison,https://music.apple.com/album/1031002336,Rock|Folk|Soul|Jazz
Sweetheart Of The Rodeo,The Byrds,1968,spotify:album:66dYofRoxuZUUI6xLfHZ2s,https://www.youtube.com/results?search_query=Sweetheart%20Of%20The%20Rodeo%20-%20The%20Byrds,https://music.apple.com/album/203945407,Rock|Country|Folk
S.F. Sorrow,The Pretty Things,1968,spotify:album:5RR55mlo6E08bhcEDRjXO2,https://www.youtube.com/results?search_query=S.F.%20Sorrow%20-%20The%20Pretty%20Things,https://music.apple.com/album/1234643385,Rock
Electric Ladyland,Jimi Hendrix,1968,spotify:album:5z090LQztiqh13wYspQvKQ,https://www.youtube.com/results?search_query=Electric%20Ladyland%20-%20Jimi%20Hendrix,https://music.apple.com/album/357652252,Rock
The Notorious Byrd Brothers,The Byrds,1968,spotify:album:5UI2X5VAmgu9xrlXDd5U7B,https://www.youtube.com/results?search_query=The%20Notorious%20Byrd%20Brothers%20-%20The%20Byrds,https://music.apple.com/album/257558067,Rock|Country|Folk
Odessey And Oracle,The Zombies,1968,spotify:album:7K6JtyaSSVr7HidQsCHun0,https://www.youtube.com/results?search_query=Odessey%20And%20Oracle%20-%20The%20Zombies,https://music.apple.com/album/252723845,Rock|Pop
At Folsom Prison,Johnny Cash,1968,spotify:album:4TJIdlY9hGSSTO1kUs1neh,https://www.youtube.com/results?search_query=At%20Folsom%20Prison%20-%20Johnny%20Cash,https://music.apple.com/album/825516828,Country
Lady Soul,Aretha Franklin,1968,spotify:album:7lEOKZaOpqP70UYqdLPejG,https://www.youtube.com/results?search_query=Lady%20Soul%20-%20Aretha%20Franklin,https://music.apple.com/album/933585548,Soul
The United States Of America,The United States Of America,1968,spotify:album:328gsq5mObioXj2TcD8AED,https://www.youtube.com/results?search_query=The%20United%20States%20Of%20America%20-%20The%20United%20States%20Of%20America,https://music.apple.com/album/289013081,Rock|Electronica
Truth,Jeff Beck,1968,spotify:album:0Tt2yDuJ0jiy0JwZzUZdlE,https://www.youtube.com/results?search_query=Truth%20-%20Jeff%20Beck,https://music.apple.com/album/175396343,Metal|Blues|Rock
We're Only In It For The Money,The Mothers Of Invention,1968,spotify:album:3u1f0ziKFCkqcHUQ0AldCU,https://www.youtube.com/results?search_query=We're%20Only%20In%20It%20For%20The%20Money%20-%20The%20Mothers%20Of%20Invention,https://music.apple.com/album/1443746670,Rock
"Blood, Sweat & Tears","Blood, Sweat & Tears",1968,spotify:album:7qFad1a6Q3kUJ1oAz6fT9m,"https://www.youtube.com/results?search_query=Blood,%20Sweat%20&%20Tears%20-%20Blood,%20Sweat%20&%20Tears",https://music.apple.com/album/257560169,Rock
Abbey Road,Beatles,1969,spotify:album:0ETFjACtuP2ADo6LFhL6HN,https://www.youtube.com/results?search_query=Abbey%20Road%20-%20Beatles,https://music.apple.com/album/1441164426,Rock|Pop
In A Silent Way,Miles Davis,1969,spotify:album:0Hs3BomCdwIWRhgT57x22T,https://www.youtube.com/results?search_query=In%20A%20Silent%20Way%20-%20Miles%20Davis,https://music.apple.com/album/193603857,Jazz
Hot Rats,Frank Zappa,1969,spotify:album:0WYYrC9My9rYWigac003hw,https://www.youtube.com/results?search_query=Hot%20Rats%20-%20Frank%20Zappa,https://music.apple.com/album/1440927069,Rock
Traffic,Traffic,1968,spotify:album:0HXUEUFACh0b3VBhm7jBhi,https://www.youtube.com/results?search_query=Traffic%20-%20Traffic,https://music.apple.com/album/1444055781,Rock
Hot Buttered Soul,Isaac Hayes,1969,spotify:album:0FfznGuH83Y2lHcJrfiD4N,https://www.youtube.com/results?search_query=Hot%20Buttered%20Soul%20-%20Isaac%20Hayes,https://music.apple.com/album/1440941776,
Liege And Lief,Fairport Convention,1969,spotify:album:505zw4fKgpk8HXqyw3BMFq,https://www.youtube.com/results?search_query=Liege%20And%20Lief%20-%20Fairport%20Convention,https://music.apple.com/album/1440927920,Folk|Rock
Kick Out The Jams (Live),MC5,1969,spotify:album:0kT4F2mSpvTk3stwiaEStp,https://www.youtube.com/results?search_query=Kick%20Out%20The%20Jams%20(Live)%20-%20MC5,https://music.apple.com/album/1018383064,Rock
Let It Bleed,The Rolling Stones,1969,spotify:album:0c78nsgqX6VfniSNWIxwoD,https://www.youtube.com/results?search_query=Let%20It%20Bleed%20-%20The%20Rolling%20Stones,https://music.apple.com/album/1500642838,Rock
Green River,Creedence Clearwater Revival,1969,spotify:album:0i9mOB6mPGqwVvtJEXiwPG,https://www.youtube.com/results?search_query=Green%20River%20-%20Creedence%20Clearwater%20Revival,https://music.apple.com/album/1440952818,Rock
The Stooges,The Stooges,1969,spotify:album:3MANoCcmaHWeXSuWiO3iVo,https://www.youtube.com/results?search_query=The%20Stooges%20-%20The%20Stooges,https://music.apple.com/album/393789238,Rock|Punk
Happy Sad,Tim Buckley,1969,spotify:album:20CYfxjKvqXkCXBhAgOE39,https://www.youtube.com/results?search_query=Happy%20Sad%20-%20Tim%20Buckley,https://music.apple.com/album/393790080,Folk
Songs From A Room,Leonard Cohen,1969,spotify:album:2pTyJZOTqFYn2UPP30zZNl,https://www.youtube.com/results?search_query=Songs%20From%20A%20Room%20-%20Leonard%20Cohen,https://music.apple.com/album/185985535,Folk|Rock
Arthur (Or the Decline and Fall of the British Empire),The Kinks,1969,spotify:album:5p5sFNiicCu5Ofrw1vaSz7,https://www.youtube.com/results?search_query=Arthur%20(Or%20the%20Decline%20and%20Fall%20of%20the%20British%20Empire)%20-%20The%20Kinks,https://music.apple.com/album/1361964692,Rock|Pop
Basket of Light,Pentangle,1969,spotify:album:3yC9zdT23gxoj0REosSbCE,https://www.youtube.com/results?search_query=Basket%20of%20Light%20-%20Pentangle,https://music.apple.com/album/1144276755,Folk|Rock
The Band,The Band,1969,spotify:album:4vXFiaDS8zuEl5bOUbW53x,https://www.youtube.com/results?search_query=The%20Band%20-%20The%20Band,https://music.apple.com/album/1440846597,Rock|Country|Folk
The Velvet Underground,The Velvet Underground,1969,spotify:album:4kR4Yr84lErTVOaZ0uiULu,https://www.youtube.com/results?search_query=The%20Velvet%20Underground%20-%20The%20Velvet%20Underground,https://music.apple.com/album/1440814049,Rock
From Elvis In Memphis,Elvis Presley,1969,spotify:album:3ekkFrfotMsEAKc5g71GHk,https://www.youtube.com/results?search_query=From%20Elvis%20In%20Memphis%20-%20Elvis%20Presley,https://music.apple.com/album/1138094621,Rock
Dusty In Memphis,Dusty Springfield,1969,spotify:album:5FRB5oQaHxlDNe6gMGuzu2,https://www.youtube.com/results?search_query=Dusty%20In%20Memphis%20-%20Dusty%20Springfield,https://music.apple.com/album/257837795,Pop|Folk|Soul|Jazz
Chicago Transit Authority,Chicago,1969,spotify:album:4DjSI3qiOKsUlZo4NsgYFq,https://www.youtube.com/results?search_query=Chicago%20Transit%20Authority%20-%20Chicago,https://music.apple.com/album/1109409662,Rock
Tommy,The Who,1969,spotify:album:5V71sHQYacjPbHlLsLmk7i,https://www.youtube.com/results?search_query=Tommy%20-%20The%20Who,https://music.apple.com/album/1461210985,Rock
Five Leaves Left,Nick Drake,1969,spotify:album:5zau80zbjOc2uEO5P1olK1,https://www.youtube.com/results?search_query=Five%20Leaves%20Left%20-%20Nick%20Drake,https://music.apple.com/album/1440656068,Folk|Rock
Scott 4,Scott Walker,1969,spotify:album:4z5O2IeF5CUgy4i6HUElIg,https://www.youtube.com/results?search_query=Scott%204%20-%20Scott%20Walker,https://music.apple.com/album/1443533039,Pop|Rock|Folk
Bayou Country,Creedence Clearwater Revival,1969,spotify:album:7F76o5x7W6dgfmgcVDeBH0,https://www.youtube.com/results?search_query=Bayou%20Country%20-%20Creedence%20Clearwater%20Revival,https://music.apple.com/album/1440946816,Rock
Everybody Knows This Is Nowhere,Neil Young & Crazy Horse,1969,spotify:album:70Yl2w1p00whfnC7fj94ox,https://www.youtube.com/results?search_query=Everybody%20Knows%20This%20Is%20Nowhere%20-%20Neil%20Young%20&%20Crazy%20Horse,https://music.apple.com/album/1015769589,Rock
Cloud Nine,The Temptations,1969,spotify:album:6tCPiWGLQCg8UzceiH008f,https://www.youtube.com/results?search_query=Cloud%20Nine%20-%20The%20Temptations,https://music.apple.com/album/1443179202,Pop|Soul|Funk
"Crosby, Stills & Nash","Crosby, Stills & Nash",1969,spotify:album:6vUWpE8qciYHOhf7mgaGny,"https://www.youtube.com/results?search_query=Crosby,%20Stills%20&%20Nash%20-%20Crosby,%20Stills%20&%20Nash",https://music.apple.com/album/908303090,Rock|Folk
Elephant Mountain,The Youngbloods,1969,spotify:album:76q2Ubo0vZIJxCqS0I1msH,https://www.youtube.com/results?search_query=Elephant%20Mountain%20-%20The%20Youngbloods,https://music.apple.com/album/829094446,Rock|Country
Led Zeppelin II,Led Zeppelin,1969,spotify:album:70lQYZtypdCALtFVlQAcvx,https://www.youtube.com/results?search_query=Led%20Zeppelin%20II%20-%20Led%20Zeppelin,https://music.apple.com/album/580708374,Metal|Rock
Happy Trails,Quicksilver Messenger Service,1969,spotify:album:7d9IZA5hVMlRqkRszYt66r,https://www.youtube.com/results?search_query=Happy%20Trails%20-%20Quicksilver%20Messenger%20Service,https://music.apple.com/album/1452645811,Rock
Unhalfbricking,Fairport Convention,1969,spotify:album:7isYifHXAT7wbuxbJziBG3,https://www.youtube.com/results?search_query=Unhalfbricking%20-%20Fairport%20Convention,https://music.apple.com/album/1442833608,Folk|Rock
Oar,Alexander 'Skip' Spence,1969,spotify:album:7sIFcFS96iFIdzLuETglbq,https://www.youtube.com/results?search_query=Oar%20-%20Alexander%20'Skip'%20Spence,https://music.apple.com/album/216101627,Folk
Stand!,Sly & The Family Stone,1969,spotify:album:7iwS1r6JHYJe9xpPjzmWqD,https://www.youtube.com/results?search_query=Stand!%20-%20Sly%20&%20The%20Family%20Stone,https://music.apple.com/album/216551517,Rock|Soul|Funk
At San Quentin,Johnny Cash,1969,spotify:album:6bYqwLMVRQzwPQweVzCiry,https://www.youtube.com/results?search_query=At%20San%20Quentin%20-%20Johnny%20Cash,https://music.apple.com/album/824812884,Country
Odessa,Bee Gees,1969,spotify:album:1s6BI47HpSDadSLxWmsJoj,https://www.youtube.com/results?search_query=Odessa%20-%20Bee%20Gees,https://music.apple.com/album/1467020922,Rock|Pop
Led Zeppelin,Led Zeppelin,1969,spotify:album:3ycjBixZf7S3WpC5WZhhUK,https://www.youtube.com/results?search_query=Led%20Zeppelin%20-%20Led%20Zeppelin,https://music.apple.com/album/580708520,Metal|Rock
The Gilded Palace Of Sin,The Flying Burrito Brothers,1969,spotify:album:6VWKy5o2OcdeWa7yolazjU,https://www.youtube.com/results?search_query=The%20Gilded%20Palace%20Of%20Sin%20-%20The%20Flying%20Burrito%20Brothers,https://music.apple.com/album/1440876015,Rock|Folk|Country
Live / Dead,Grateful Dead,1969,spotify:album:6E7JCQINTT4vwRF4wBcsYk,https://www.youtube.com/results?search_query=Live%20/%20Dead%20-%20Grateful%20Dead,https://music.apple.com/album/20885553,Rock
In The Court Of The Crimson King,King Crimson,1969,spotify:album:6tVg2Wl9hVKMpHYcAl2V2M,https://www.youtube.com/results?search_query=In%20The%20Court%20Of%20The%20Crimson%20King%20-%20King%20Crimson,https://music.apple.com/album/918534711,Rock
Trout Mask Replica,Captain Beefheart & His Magic Band,1969,spotify:album:4dgAnIHFpnFdSBqpRZheHq,https://www.youtube.com/results?search_query=Trout%20Mask%20Replica%20-%20Captain%20Beefheart%20&%20His%20Magic%20Band,https://music.apple.com/album/1579587935,Rock|Blues
Bridge Over Troubled Water,Simon & Garfunkel,1970,spotify:album:0JwHz5SSvpYWuuCNbtYZoV,https://www.youtube.com/results?search_query=Bridge%20Over%20Troubled%20Water%20-%20Simon%20&%20Garfunkel,https://music.apple.com/album/324127933,Folk
Live At Leeds,The Who,1970,spotify:album:6W3aTLI4B5UsPpWMvhT2W4,https://www.youtube.com/results?search_query=Live%20At%20Leeds%20-%20The%20Who,https://music.apple.com/album/1440858250,Rock
Cosmo's Factory,Creedence Clearwater Revival,1970,spotify:album:4GLxEXWI3JiRKp6H7bfTIK,https://www.youtube.com/results?search_query=Cosmo's%20Factory%20-%20Creedence%20Clearwater%20Revival,https://music.apple.com/album/1440948745,Rock
Abraxas,Santana,1970,spotify:album:1CHUXwuge9A7L2KiA3vnR6,https://www.youtube.com/results?search_query=Abraxas%20-%20Santana,https://music.apple.com/album/871146591,Rock|Latin
Led Zeppelin III,Led Zeppelin,1970,spotify:album:6P5QHz4XtxOmS5EuiGIPut,https://www.youtube.com/results?search_query=Led%20Zeppelin%20III%20-%20Led%20Zeppelin,https://music.apple.com/album/580708279,Metal|Rock
Bitches Brew,Miles Davis,1970,spotify:album:3Q0zkOZEOC855ErOOJ1AdO,https://www.youtube.com/results?search_query=Bitches%20Brew%20-%20Miles%20Davis,https://music.apple.com/album/168376392,Jazz
John Barleycorn Must Die,Traffic,1970,spotify:album:2TjodugH6rA5ZHPsWVErmw,https://www.youtube.com/results?search_query=John%20Barleycorn%20Must%20Die%20-%20Traffic,https://music.apple.com/album/1440624238,Rock|Folk
Ananda Shankar,Ananda Shankar,1970,spotify:album:24R9CyPLFa0CJrSZ9whlT3,https://www.youtube.com/results?search_query=Ananda%20Shankar%20-%20Ananda%20Shankar,https://music.apple.com/album/59387322,World
Deep Purple In Rock,Deep Purple,1970,spotify:album:3yWO0OWcsKQa46sqSgR3uj,https://www.youtube.com/results?search_query=Deep%20Purple%20In%20Rock%20-%20Deep%20Purple,https://music.apple.com/album/70257696,Metal|Rock
Gasoline Alley,Rod Stewart,1970,spotify:album:2ZFCR4pxXNKfPFUzzMw8X1,https://www.youtube.com/results?search_query=Gasoline%20Alley%20-%20Rod%20Stewart,https://music.apple.com/album/1442951244,Rock|Blues
Sweet Baby James,James Taylor,1970,spotify:album:2NEQ5Q4sBbUHVVx3Wf8TEZ,https://www.youtube.com/results?search_query=Sweet%20Baby%20James%20-%20James%20Taylor,https://music.apple.com/album/1480026454,Rock|Folk
Tea for the Tillerman,Cat Stevens,1970,spotify:album:25Vt8FvZBx4BsSJWEsF7sJ,https://www.youtube.com/results?search_query=Tea%20for%20the%20Tillerman%20-%20Cat%20Stevens,https://music.apple.com/album/1535560790,Folk
The Madcap Laughs,Syd Barrett,1970,spotify:album:69jyJl6Lyo80nQae0X312i,https://www.youtube.com/results?search_query=The%20Madcap%20Laughs%20-%20Syd%20Barrett,https://music.apple.com/album/1111646054,Rock|Folk
Morrison Hotel,The Doors,1970,spotify:album:6AFLOkpJjFF652jevcSOZX,https://www.youtube.com/results?search_query=Morrison%20Hotel%20-%20The%20Doors,https://music.apple.com/album/639381103,Rock
Deja Vu,"Crosby, Stills, Nash & Young",1970,spotify:album:5bHkK1X4WEOzNvRhehvOcb,"https://www.youtube.com/results?search_query=Deja%20Vu%20-%20Crosby,%20Stills,%20Nash%20&%20Young",https://music.apple.com/album/321974224,Rock|Folk
Paranoid,Black Sabbath,1970,spotify:album:7DBES3oV6jjAmWob7kJg6P,https://www.youtube.com/results?search_query=Paranoid%20-%20Black%20Sabbath,https://music.apple.com/album/785232473,Metal|Rock
Close To You,Carpenters,1970,spotify:album:5z8MFnoVUIfVo6MQW0uIul,https://www.youtube.com/results?search_query=Close%20To%20You%20-%20Carpenters,https://music.apple.com/album/1423766994,Rock|Pop
Black Sabbath,Black Sabbath,1970,spotify:album:2T6jeELx5BqH4GMLObBy10,https://www.youtube.com/results?search_query=Black%20Sabbath%20-%20Black%20Sabbath,https://music.apple.com/album/787645011,Metal|Rock
Moondance,Van Morrison,1970,spotify:album:5PfnCqRbdfIDMb1x3MPQam,https://www.youtube.com/results?search_query=Moondance%20-%20Van%20Morrison,https://music.apple.com/album/712727450,Rock|Folk|Jazz
Fun House,The Stooges,1970,spotify:album:5qhXaVIC5BdE4a5Kq1FMZG,https://www.youtube.com/results?search_query=Fun%20House%20-%20The%20Stooges,https://music.apple.com/album/843836692,Rock|Punk
American Beauty,Grateful Dead,1970,spotify:album:7rqgm1BnAZ8I4d6hukpkdg,https://www.youtube.com/results?search_query=American%20Beauty%20-%20Grateful%20Dead,https://music.apple.com/album/664831661,Rock|Country
Layla And Other Assorted Love Songs,Derek & The Dominos,1970,spotify:album:5iIWnMgvSM8uEBwXKsPcXM,https://www.youtube.com/results?search_query=Layla%20And%20Other%20Assorted%20Love%20Songs%20-%20Derek%20&%20The%20Dominos,https://music.apple.com/album/1440663263,Rock|Blues
Twelve Dreams Of Dr. Sardonicus,Spirit,1970,spotify:album:0NWXyLhHhaeAmu4eovC8Ks,https://www.youtube.com/results?search_query=Twelve%20Dreams%20Of%20Dr.%20Sardonicus%20-%20Spirit,https://music.apple.com/album/157415148,Rock
All Things Must Pass,George Harrison,1970,spotify:album:4I4xtHaIFOzhZfp1NIHkY6,https://www.youtube.com/results?search_query=All%20Things%20Must%20Pass%20-%20George%20Harrison,https://music.apple.com/album/1570746863,Rock|Pop
McCartney,Paul McCartney,1970,spotify:album:24lX0YfUlQfqb2T2GioLji,https://www.youtube.com/results?search_query=McCartney%20-%20Paul%20McCartney,https://music.apple.com/album/1443150811,Rock|Pop
After The Gold Rush,Neil Young,1970,spotify:album:3N3lauREStzcTAN6ZyaPvC,https://www.youtube.com/results?search_query=After%20The%20Gold%20Rush%20-%20Neil%20Young,https://music.apple.com/album/1015783330,Rock|Folk
Stephen Stills,Stephen Stills,1970,spotify:album:2nkFniR6DseqFJLhxXV01T,https://www.youtube.com/results?search_query=Stephen%20Stills%20-%20Stephen%20Stills,https://music.apple.com/album/121052547,Rock|Folk
John Lennon/Plastic Ono Band,John Lennon,1970,spotify:album:0DFYbYCcHCEJPcN1hODG6K,https://www.youtube.com/results?search_query=John%20Lennon/Plastic%20Ono%20Band%20-%20John%20Lennon,https://music.apple.com/album/1440858209,Rock|Pop
Third,Soft Machine,1970,spotify:album:111J9nxmdhyHSLNHeAL1jO,https://www.youtube.com/results?search_query=Third%20-%20Soft%20Machine,https://music.apple.com/album/258079135,Rock|Jazz
Tago Mago,Can,1971,spotify:album:058qBjhg9yzbRGZCqOBX42,https://www.youtube.com/results?search_query=Tago%20Mago%20-%20Can,https://music.apple.com/album/967464923,Rock
Aqualung,Jethro Tull,1971,spotify:album:0NGM3Ftwjw0dLNpAowmz3x,https://www.youtube.com/results?search_query=Aqualung%20-%20Jethro%20Tull,https://music.apple.com/album/726371044,Rock
Fragile,Yes,1971,spotify:album:0dZF93WHyOhTWjz5EWM7yG,https://www.youtube.com/results?search_query=Fragile%20-%20Yes,https://music.apple.com/album/1049008924,Rock
American Pie,Don McLean,1971,spotify:album:10jsW2NYd9blCrDITMh2zS,https://www.youtube.com/results?search_query=American%20Pie%20-%20Don%20McLean,https://music.apple.com/album/1440834532,Rock|Folk
Imagine,John Lennon,1971,spotify:album:0xzaemKucrJpYhyl7TltAk,https://www.youtube.com/results?search_query=Imagine%20-%20John%20Lennon,https://music.apple.com/album/1440853752,Rock
Trafalgar,Bee Gees,1971,spotify:album:0yCWLQW2MIBCoYjKedraUV,https://www.youtube.com/results?search_query=Trafalgar%20-%20Bee%20Gees,https://music.apple.com/album/1444155081,Rock
Blue,Joni Mitchell,1971,spotify:album:1vz94WpXDVYIEGja8cjFNa,https://www.youtube.com/results?search_query=Blue%20-%20Joni%20Mitchell,https://music.apple.com/album/1492263092,Folk|Rock
Hunky Dory,David Bowie,1971,spotify:album:0vypdDHTQsoVmVu8OgXEly,https://www.youtube.com/results?search_query=Hunky%20Dory%20-%20David%20Bowie,https://music.apple.com/album/1039798000,Rock
Shaft,Isaac Hayes,1971,spotify:album:2fJgWsAG6PKSOhcrsNEyDm,https://www.youtube.com/results?search_query=Shaft%20-%20Isaac%20Hayes,https://music.apple.com/album/1440937741,Soul|Funk|Jazz
Songs Of Love And Hate,Leonard Cohen,1971,spotify:album:2Om4oR7plGGub1aYe5uB7B,https://www.youtube.com/results?search_query=Songs%20Of%20Love%20And%20Hate%20-%20Leonard%20Cohen,https://music.apple.com/album/309477007,Folk
Teenage Head,Flamin' Groovies,1971,spotify:album:1Qo7LnY9VsqcQ75YbO8JEs,https://www.youtube.com/results?search_query=Teenage%20Head%20-%20Flamin'%20Groovies,https://music.apple.com/album/284497294,Rock
Histoire De Melody Nelson,Serge Gainsbourg,1971,spotify:album:39jgim5XzgEWo7OsCcxxxO,https://www.youtube.com/results?search_query=Histoire%20De%20Melody%20Nelson%20-%20Serge%20Gainsbourg,https://music.apple.com/album/1443118514,Pop|Rock
Sticky Fingers,The Rolling Stones,1971,spotify:album:3i3imP9g6gCc6VzeeyduXZ,https://www.youtube.com/results?search_query=Sticky%20Fingers%20-%20The%20Rolling%20Stones,https://music.apple.com/album/1440812661,Rock
A Nod Is As Good As A Wink To A Blind Horse,Faces,1971,spotify:album:3mvdHEE56sgj1NtTnTF8qK,https://www.youtube.com/results?search_query=A%20Nod%20Is%20As%20Good%20As%20A%20Wink%20To%20A%20Blind%20Horse%20-%20Faces,https://music.apple.com/album/1031007095,Rock|Blues
Pearl,Janis Joplin,1971,spotify:album:6JltsW8Goc3cZQ0GOtTX2z,https://www.youtube.com/results?search_query=Pearl%20-%20Janis%20Joplin,https://music.apple.com/album/917030890,Rock
At Fillmore East,The Allman Brothers Band,1971,spotify:album:35w2w6W38bXCo4bG1akRe9,https://www.youtube.com/results?search_query=At%20Fillmore%20East%20-%20The%20Allman%20Brothers%20Band,https://music.apple.com/album/1444531900,Rock|Blues
Pictures At An Exhibition,"Emerson, Lake & Palmer",1971,spotify:album:3z3HmV2Pq4y5ZMzW6prYrh,"https://www.youtube.com/results?search_query=Pictures%20At%20An%20Exhibition%20-%20Emerson,%20Lake%20&%20Palmer",https://music.apple.com/album/1143663724,Rock
Maggot Brain,Funkadelic,1971,spotify:album:4P5bvMUWhoYILjMf2fhKxZ,https://www.youtube.com/results?search_query=Maggot%20Brain%20-%20Funkadelic,https://music.apple.com/album/108231902,Funk|Rock|Soul
Every Picture Tells A Story,Rod Stewart,1971,spotify:album:4h1e47X26VQHXCjNZZ5P3v,https://www.youtube.com/results?search_query=Every%20Picture%20Tells%20A%20Story%20-%20Rod%20Stewart,https://music.apple.com/album/1469580609,Rock|Pop
The Yes Album,Yes,1971,spotify:album:4nQe6IzubN7cE7EWzrIvu4,https://www.youtube.com/results?search_query=The%20Yes%20Album%20-%20Yes,https://music.apple.com/album/1049017157,Rock
If I Could Only Remember My Name,David Crosby,1971,spotify:album:4v9ZAufvuQKvTLcy21y6BM,https://www.youtube.com/results?search_query=If%20I%20Could%20Only%20Remember%20My%20Name%20-%20David%20Crosby,https://music.apple.com/album/50235531,Country|Folk|Rock
Nilsson Schmilsson,Harry Nilsson,1971,spotify:album:4s2hhmQizU4FHtRU7dDzHP,https://www.youtube.com/results?search_query=Nilsson%20Schmilsson%20-%20Harry%20Nilsson,https://music.apple.com/album/304815001,Rock|Pop
Surf's Up,The Beach Boys,1971,spotify:album:5NJHGcHNdLURknY2LfzjZg,https://www.youtube.com/results?search_query=Surf's%20Up%20-%20The%20Beach%20Boys,https://music.apple.com/album/1440873813,Pop|Rock
Live!,Fela Kuti,1971,spotify:album:4YYW1Q1okABRHpSj6LMtEO,https://www.youtube.com/results?search_query=Live!%20-%20Fela%20Kuti,https://music.apple.com/album/682949290,Funk|Soul|World
Who's Next,The Who,1971,spotify:album:5MqyhhHbT13zsloD3uHhlQ,https://www.youtube.com/results?search_query=Who's%20Next%20-%20The%20Who,https://music.apple.com/album/1440815866,Rock
Madman Across The Water,Elton John,1971,spotify:album:6eXE4xeu9GHSa8zTEVtFep,https://www.youtube.com/results?search_query=Madman%20Across%20The%20Water%20-%20Elton%20John,https://music.apple.com/album/1440643462,Rock|Pop
John Prine,John Prine,1971,spotify:album:5t4FHrIAHI8nolSAOBRgPp,https://www.youtube.com/results?search_query=John%20Prine%20-%20John%20Prine,https://music.apple.com/album/1018524551,Country|Folk
L.A. Woman,The Doors,1971,spotify:album:7IKUTIc9UWuVngyGPtqNHS,https://www.youtube.com/results?search_query=L.A.%20Woman%20-%20The%20Doors,https://music.apple.com/album/1622471682,Rock
White Light,Gene Clark,1971,spotify:album:7zP0OZQPJjL4EDMlNbUEdL,https://www.youtube.com/results?search_query=White%20Light%20-%20Gene%20Clark,https://music.apple.com/album/1443625305,Country|Pop|Folk|Rock
Tarkus,"Emerson, Lake & Palmer",1971,spotify:album:7unKb3Es7K7Uf8DdrHosoA,"https://www.youtube.com/results?search_query=Tarkus%20-%20Emerson,%20Lake%20&%20Palmer",https://music.apple.com/album/1143668019,Rock
Tapestry,Carole King,1971,spotify:album:12n11cgnpjXKLeqrnIERoS,https://www.youtube.com/results?search_query=Tapestry%20-%20Carole%20King,https://music.apple.com/album/747087657,Pop|Rock|Folk
Electric Warrior,T. Rex,1971,spotify:album:2wnq5e000z2hT7qS2F8jZ5,https://www.youtube.com/results?search_query=Electric%20Warrior%20-%20T.%20Rex,https://music.apple.com/album/251016654,Rock
There's A Riot Goin' On,Sly & The Family Stone,1971,spotify:album:0ihYToxMgYcuHuxOKjGQKO,https://www.youtube.com/results?search_query=There's%20A%20Riot%20Goin'%20On%20-%20Sly%20&%20The%20Family%20Stone,https://music.apple.com/album/1501778712,Rock|Soul|Funk
Coat Of Many Colors,Dolly Parton,1971,spotify:album:17CT6ru3CyDXAi6xVaSUzg,https://www.youtube.com/results?search_query=Coat%20Of%20Many%20Colors%20-%20Dolly%20Parton,https://music.apple.com/album/217532812,Country
Led Zeppelin IV,Led Zeppelin,1971,spotify:album:5EyIDBAqhnlkAHqvPRwdbX,https://www.youtube.com/results?search_query=Led%20Zeppelin%20IV%20-%20Led%20Zeppelin,https://music.apple.com/album/580708175,Metal|Rock
Bryter Layter,Nick Drake,1971,spotify:album:7w9Og10Tdkh3nqrVD1D5IW,https://www.youtube.com/results?search_query=Bryter%20Layter%20-%20Nick%20Drake,https://music.apple.com/album/1440723775,Folk|Rock
What's Going On,Marvin Gaye,1971,spotify:album:2v6ANhWhZBUKkg6pJJBs3B,https://www.youtube.com/results?search_query=What's%20Going%20On%20-%20Marvin%20Gaye,https://music.apple.com/album/1538081586,Soul
School's Out,Alice Cooper,1972,spotify:album:0zKjnOsXxs63unPR6TWoHq,https://www.youtube.com/results?search_query=School's%20Out%20-%20Alice%20Cooper,https://music.apple.com/album/40458557,Rock
The Rise and Fall of Ziggy Stardust and the Spiders from Mars,David Bowie,1972,spotify:album:0745mDdMqet9J5nO5x7IQS,https://www.youtube.com/results?search_query=The%20Rise%20and%20Fall%20of%20Ziggy%20Stardust%20and%20the%20Spiders%20from%20Mars%20-%20David%20Bowie,https://music.apple.com/album/1039796877,Rock
Can't Buy A Thrill,Steely Dan,1972,spotify:album:0J13gY691Jb1LEgAnLtJGD,https://www.youtube.com/results?search_query=Can't%20Buy%20A%20Thrill%20-%20Steely%20Dan,https://music.apple.com/album/1440496279,Rock
Harvest,Neil Young,1972,spotify:album:1pHo7X82cTObgZll65R1rW,https://www.youtube.com/results?search_query=Harvest%20-%20Neil%20Young,https://music.apple.com/album/1015739190,Rock|Folk
Made In Japan,Deep Purple,1972,spotify:album:2ufQZaCxAGM01yQbotw9tA,https://www.youtube.com/results?search_query=Made%20In%20Japan%20-%20Deep%20Purple,https://music.apple.com/album/65041635,Metal|Rock
Machine Head,Deep Purple,1972,spotify:album:32NQ56VZDTXSH3SMv4XSGN,https://www.youtube.com/results?search_query=Machine%20Head%20-%20Deep%20Purple,https://music.apple.com/album/1099334597,Metal|Rock
The Slider,T. Rex,1972,spotify:album:3Dg3quPRLDCsEqnzgPl6PE,https://www.youtube.com/results?search_query=The%20Slider%20-%20T.%20Rex,https://music.apple.com/album/1440945199,Rock
Something/Anything?,Todd Rundgren,1972,spotify:album:3fRCOoTbBsOITBWlCRCJQr,https://www.youtube.com/results?search_query=Something/Anything?%20-%20Todd%20Rundgren,https://music.apple.com/album/1084074389,Rock|Pop
Eagles,Eagles,1972,spotify:album:51B7LbLWgYLKBVSpkan8Z7,https://www.youtube.com/results?search_query=Eagles%20-%20Eagles,https://music.apple.com/album/635791801,Country|Rock|Folk
Manassas,Stephen Stills,1972,spotify:album:427BvOYZQRjTHODnreiZCo,https://www.youtube.com/results?search_query=Manassas%20-%20Stephen%20Stills,https://music.apple.com/album/40287418,Rock|Country|Folk
All Directions,The Temptations,1972,spotify:album:5S5TedR8qr82exvmVuPj51,https://www.youtube.com/results?search_query=All%20Directions%20-%20The%20Temptations,https://music.apple.com/album/1440851973,Pop|Soul|Funk
Transformer,Lou Reed,1972,spotify:album:5SqbMEyAt8332ISGiLX0St,https://www.youtube.com/results?search_query=Transformer%20-%20Lou%20Reed,https://music.apple.com/album/976826793,Rock
Let's Stay Together,Al Green,1972,spotify:album:5MQx9U0AAIrcbvZ0lL1RCi,https://www.youtube.com/results?search_query=Let's%20Stay%20Together%20-%20Al%20Green,https://music.apple.com/album/976362815,Soul
Exile On Main Street,The Rolling Stones,1972,spotify:album:5U4dnRZsfW8NmwBBkELFPh,https://www.youtube.com/results?search_query=Exile%20On%20Main%20Street%20-%20The%20Rolling%20Stones,https://music.apple.com/album/1440872228,Rock
Paul Simon,Paul Simon,1972,spotify:album:7npBPiCHjPj8PVIGPuHXep,https://www.youtube.com/results?search_query=Paul%20Simon%20-%20Paul%20Simon,https://music.apple.com/album/380588824,Rock|Folk
Close To The Edge,Yes,1972,spotify:album:6344rkGqCBDenGoS7eJlBN,https://www.youtube.com/results?search_query=Close%20To%20The%20Edge%20-%20Yes,https://music.apple.com/album/1049014094,Rock
Pink Moon,Nick Drake,1972,spotify:album:6LoD5uGEynY4eqstWDFKhg,https://www.youtube.com/results?search_query=Pink%20Moon%20-%20Nick%20Drake,https://music.apple.com/album/1567147188,Folk|Rock
Clube Da Esquina,Milton Nascimento,1972,spotify:album:7Hk9jGHupUwHa0JXQr8m0F,https://www.youtube.com/results?search_query=Clube%20Da%20Esquina%20-%20Milton%20Nascimento,https://music.apple.com/album/1473446573,Rock|World|Jazz|Latin
Roxy Music,Roxy Music,1972,spotify:album:4KjUgJn22cmBRQC0AHcjI3,https://www.youtube.com/results?search_query=Roxy%20Music%20-%20Roxy%20Music,https://music.apple.com/album/724922081,Rock|Pop
Will The Circle Be Unbroken,Nitty Gritty Dirt Band,1972,spotify:album:1dfvcFHSox0YKcPMxDrLIs,https://www.youtube.com/results?search_query=Will%20The%20Circle%20Be%20Unbroken%20-%20Nitty%20Gritty%20Dirt%20Band,https://music.apple.com/album/724920283,Country|Folk
Sail Away,Randy Newman,1972,spotify:album:7ojNQckNp7Tj2BkLJCiiUL,https://www.youtube.com/results?search_query=Sail%20Away%20-%20Randy%20Newman,https://music.apple.com/album/51963348,Rock|Pop
Talking Book,Stevie Wonder,1972,spotify:album:7vgpBNK5xPmS3Mu2Hl9O0D,https://www.youtube.com/results?search_query=Talking%20Book%20-%20Stevie%20Wonder,https://music.apple.com/album/1440808973,Funk|Soul
Home Is Where The Music Is,Hugh Masekela,1972,spotify:album:6jf4hF2qwjQL270WMPYxow,https://www.youtube.com/results?search_query=Home%20Is%20Where%20The%20Music%20Is%20-%20Hugh%20Masekela,https://music.apple.com/album/1442922965,Jazz|World
Greetings From L.A.,Tim Buckley,1972,spotify:album:7z7EJWzMiPb5NJ21okOIm7,https://www.youtube.com/results?search_query=Greetings%20From%20L.A.%20-%20Tim%20Buckley,https://music.apple.com/album/106238520,Pop|Folk|Rock
Superfly,Curtis Mayfield,1972,spotify:album:6i5mfaptb1l9yi5Jxf8Gef,https://www.youtube.com/results?search_query=Superfly%20-%20Curtis%20Mayfield,https://music.apple.com/album/1048472205,Soul|Funk
Vol. 4,Black Sabbath,1972,spotify:album:6aHafIF8dhnV5MPk1oQNGH,https://www.youtube.com/results?search_query=Vol.%204%20-%20Black%20Sabbath,https://music.apple.com/album/1541904672,Metal
American Gothic,David Ackles,1972,spotify:album:6w4b41IacQMT1aFAldWRrh,https://www.youtube.com/results?search_query=American%20Gothic%20-%20David%20Ackles,https://music.apple.com/album/1037587527,Country
Slayed?,Slade,1972,spotify:album:3fnE8RruCbRZJCcUgV0OMt,https://www.youtube.com/results?search_query=Slayed?%20-%20Slade,https://music.apple.com/album/1459326118,Rock
The World is a Ghetto,War,1972,spotify:album:4UZmpGH8kpAgyZ2yqQ8sP9,https://www.youtube.com/results?search_query=The%20World%20is%20a%20Ghetto%20-%20War,https://music.apple.com/album/1202363758,Soul|Funk
#1 Record,Big Star,1972,spotify:album:0TDBkNvMV4M4VUaDtQit7i,https://www.youtube.com/results?search_query=#1%20Record%20-%20Big%20Star,https://music.apple.com/album/1422691834,Rock|Pop
Tres Hombres,ZZ Top,1973,spotify:album:0Em8m9kRctyH9S3MTXAHvY,https://www.youtube.com/results?search_query=Tres%20Hombres%20-%20ZZ%20Top,https://music.apple.com/album/655199225,Rock
Solid Air,John Martyn,1973,spotify:album:1aBpWwhrZi3WEfKLAFFMMB,https://www.youtube.com/results?search_query=Solid%20Air%20-%20John%20Martyn,https://music.apple.com/album/1443804309,Rock|Folk|Pop
Tubular Bells,Mike Oldfield,1973,spotify:album:0a3YQpBnRzJzNktOjb6Dum,https://www.youtube.com/results?search_query=Tubular%20Bells%20-%20Mike%20Oldfield,https://music.apple.com/album/1440852773,Rock
New York Dolls,New York Dolls,1973,spotify:album:2xbTV0Awe4Qm5caUVuPbMr,https://www.youtube.com/results?search_query=New%20York%20Dolls%20-%20New%20York%20Dolls,https://music.apple.com/album/1445885111,Rock|Punk
Aladdin Sane,David Bowie,1973,spotify:album:3HZKOk1knxrUU3y5ZIOdbz,https://www.youtube.com/results?search_query=Aladdin%20Sane%20-%20David%20Bowie,https://music.apple.com/album/1039655668,Rock
Selling England By The Pound,Genesis,1973,spotify:album:2tSRe2rkdJvZWMOIZpu6lk,https://www.youtube.com/results?search_query=Selling%20England%20By%20The%20Pound%20-%20Genesis,https://music.apple.com/album/294810249,Rock
Faust IV,Faust,1973,spotify:album:2yFbw2SIBZ7ExIBRVoFkJJ,https://www.youtube.com/results?search_query=Faust%20IV%20-%20Faust,https://music.apple.com/album/714051180,Rock
Honky Tonk Heroes,Waylon Jennings,1973,spotify:album:2zELL7BVMaQtK9Ly97nv24,https://www.youtube.com/results?search_query=Honky%20Tonk%20Heroes%20-%20Waylon%20Jennings,https://music.apple.com/album/1007489519,Country
"A Wizard, A True Star",Todd Rundgren,1973,spotify:album:3vpVWxOR2W611w9lgAxWET,"https://www.youtube.com/results?search_query=A%20Wizard,%20A%20True%20Star%20-%20Todd%20Rundgren",https://music.apple.com/album/1084056467,Rock|Pop|Soul|Electronica
The Dark Side Of The Moon,Pink Floyd,1973,spotify:album:3a0UOgDWw2pTajw85QPMiz,https://www.youtube.com/results?search_query=The%20Dark%20Side%20Of%20The%20Moon%20-%20Pink%20Floyd,https://music.apple.com/album/1065973699,Rock
Paris 1919,John Cale,1973,spotify:album:4KdEMeJZeYMVDoEvJSnwuj,https://www.youtube.com/results?search_query=Paris%201919%20-%20John%20Cale,https://music.apple.com/album/1251616879,Rock|Pop
Future Days,Can,1973,spotify:album:4a1QKRL1X9PlAX9wiiqmAm,https://www.youtube.com/results?search_query=Future%20Days%20-%20Can,https://music.apple.com/album/826492492,Rock
Billion Dollar Babies,Alice Cooper,1973,spotify:album:70vRcyvFfGc3rwaETxzjHC,https://www.youtube.com/results?search_query=Billion%20Dollar%20Babies%20-%20Alice%20Cooper,https://music.apple.com/album/40458482,Rock
Countdown To Ecstasy,Steely Dan,1973,spotify:album:4ZfUPTosZ0jaVWa0EfGbly,https://www.youtube.com/results?search_query=Countdown%20To%20Ecstasy%20-%20Steely%20Dan,https://music.apple.com/album/1440508262,Rock|Jazz
Catch A Fire,Bob Marley & The Wailers,1973,spotify:album:6waaOq4cZ1eoGYaa89PtCQ,https://www.youtube.com/results?search_query=Catch%20A%20Fire%20-%20Bob%20Marley%20&%20The%20Wailers,https://music.apple.com/album/1423269033,Reggae
Band On The Run,Paul McCartney and Wings,1973,spotify:album:5WDwQd1NNzitecaWN7BoUB,https://www.youtube.com/results?search_query=Band%20On%20The%20Run%20-%20Paul%20McCartney%20and%20Wings,https://music.apple.com/album/1443413822,Rock
For Your Pleasure,Roxy Music,1973,spotify:album:6gKMWnGptVs6yT2MgCxw29,https://www.youtube.com/results?search_query=For%20Your%20Pleasure%20-%20Roxy%20Music,https://music.apple.com/album/724399564,Rock|Pop
Goodbye Yellow Brick Road,Elton John,1973,spotify:album:5WupqgR68HfuHt3BMJtgun,https://www.youtube.com/results?search_query=Goodbye%20Yellow%20Brick%20Road%20-%20Elton%20John,https://music.apple.com/album/1440863013,Rock|Pop
Let's Get It On,Marvin Gaye,1973,spotify:album:1oIICL75sMuInkEhX8jj3b,https://www.youtube.com/results?search_query=Let's%20Get%20It%20On%20-%20Marvin%20Gaye,https://music.apple.com/album/1440912641,Soul
Raw Power,The Stooges,1973,spotify:album:6mxbG8KrOTZIxlP4gzaliM,https://www.youtube.com/results?search_query=Raw%20Power%20-%20The%20Stooges,https://music.apple.com/album/157475333,Rock|Punk
Space Ritual,Hawkwind,1973,spotify:album:7wH3vXQZgy9a6PUvMXLayk,https://www.youtube.com/results?search_query=Space%20Ritual%20-%20Hawkwind,https://music.apple.com/album/693237842,Rock
Mott,Mott The Hoople,1973,spotify:album:3ApRy4edE6ZYi081aFpq4s,https://www.youtube.com/results?search_query=Mott%20-%20Mott%20The%20Hoople,https://music.apple.com/album/155713664,Rock
Berlin,Lou Reed,1973,spotify:album:4iaDgkP0M6ahEHrBynAFei,https://www.youtube.com/results?search_query=Berlin%20-%20Lou%20Reed,https://music.apple.com/album/257563947,Rock
(Pronounced 'Leh-'Nérd 'Skin-'Nérd),Lynyrd Skynyrd,1973,spotify:album:3THuBNp86ScbTXwpTmAbdw,https://www.youtube.com/results?search_query=(Pronounced%20'Leh-'N%C3%A9rd%20'Skin-'N%C3%A9rd)%20-%20Lynyrd%20Skynyrd,https://music.apple.com/album/1440838012,Rock
Bongo Rock,Incredible Bongo Band,1973,spotify:album:3xXsJL1bNBWU1jbQDxLJdf,https://www.youtube.com/results?search_query=Bongo%20Rock%20-%20Incredible%20Bongo%20Band,https://music.apple.com/album/1304459543,Funk|Rock
Head Hunters,Herbie Hancock,1973,spotify:album:5fmIolILp5NAtNYiRPjhzA,https://www.youtube.com/results?search_query=Head%20Hunters%20-%20Herbie%20Hancock,https://music.apple.com/album/158571524,Jazz|Funk
3 + 3,The Isley Brothers,1973,spotify:album:27eI33obJuyKebMTxAJJam,https://www.youtube.com/results?search_query=3%20+%203%20-%20The%20Isley%20Brothers,https://music.apple.com/album/1030452445,Soul|Funk
Larks' Tongues In Aspic,King Crimson,1973,spotify:album:4VKzYj7REUxkP1VXTdvSoV,https://www.youtube.com/results?search_query=Larks'%20Tongues%20In%20Aspic%20-%20King%20Crimson,https://music.apple.com/album/918568338,Rock
Innervisions,Stevie Wonder,1973,spotify:album:5jgI8Eminx9MmLBontDWq8,https://www.youtube.com/results?search_query=Innervisions%20-%20Stevie%20Wonder,https://music.apple.com/album/1440806790,Funk|Soul
Next,The Sensational Alex Harvey Band,1973,spotify:album:02kIg5Ft9nvOa1KTWlAZCI,https://www.youtube.com/results?search_query=Next%20-%20The%20Sensational%20Alex%20Harvey%20Band,https://music.apple.com/album/1564418344,Rock
Sheet Music,10cc,1974,spotify:album:0sOJ1TztxZdEfUbX7f1CZO,https://www.youtube.com/results?search_query=Sheet%20Music%20-%2010cc,https://music.apple.com/album/259483335,Rock|Pop
Autobahn,Kraftwerk,1974,spotify:album:0DzC0tyowMi2O9QfkDRvfJ,https://www.youtube.com/results?search_query=Autobahn%20-%20Kraftwerk,https://music.apple.com/album/726154713,Electronica
Crime Of The Century,Supertramp,1974,spotify:album:2wrHaulTgqqkVKx0k7Kq4r,https://www.youtube.com/results?search_query=Crime%20Of%20The%20Century%20-%20Supertramp,https://music.apple.com/album/1440646658,Rock
Pretzel Logic,Steely Dan,1974,spotify:album:0RijmFWeKvzWnceR6Ku00X,https://www.youtube.com/results?search_query=Pretzel%20Logic%20-%20Steely%20Dan,https://music.apple.com/album/1440489152,Rock|Jazz
Court And Spark,Joni Mitchell,1974,spotify:album:2akjxkzFolkeV72Yyv5KrM,https://www.youtube.com/results?search_query=Court%20And%20Spark%20-%20Joni%20Mitchell,https://music.apple.com/album/1492263239,Folk|Rock
Natty Dread,Bob Marley & The Wailers,1974,spotify:album:2fUrVWDYASjthLVsVH53zP,https://www.youtube.com/results?search_query=Natty%20Dread%20-%20Bob%20Marley%20&%20The%20Wailers,https://music.apple.com/album/1440861483,Reggae
461 Ocean Boulevard,Eric Clapton,1974,spotify:album:3Xp9oqOrXswimE8eD02Wty,https://www.youtube.com/results?search_query=461%20Ocean%20Boulevard%20-%20Eric%20Clapton,https://music.apple.com/album/1440851328,Rock|Blues
Sheer Heart Attack,Queen,1974,spotify:album:2mEAmmRoZrvhBh1Vic03fZ,https://www.youtube.com/results?search_query=Sheer%20Heart%20Attack%20-%20Queen,https://music.apple.com/album/1440657490,Rock
Queen II,Queen,1974,spotify:album:0NouBnbXRJKFWzm9LwCW0K,https://www.youtube.com/results?search_query=Queen%20II%20-%20Queen,https://music.apple.com/album/1440754724,Rock
I Want To See The Bright Lights Tonight,Richard Thompson,1974,spotify:album:3vCMmrJEx8CBtW4Hh0ehdl,https://www.youtube.com/results?search_query=I%20Want%20To%20See%20The%20Bright%20Lights%20Tonight%20-%20Richard%20Thompson,https://music.apple.com/album/1443731078,Folk|Country|Rock
Good Old Boys,Randy Newman,1974,spotify:album:4UY90kcO4N9ZPBl4xPLvvU,https://www.youtube.com/results?search_query=Good%20Old%20Boys%20-%20Randy%20Newman,https://music.apple.com/album/750173801,Rock|Pop
Country Life,Roxy Music,1974,spotify:album:59RclwjkzMJTJZNxrfGdLC,https://www.youtube.com/results?search_query=Country%20Life%20-%20Roxy%20Music,https://music.apple.com/album/724178403,Rock|Pop
Inspiration Information,Shuggie Otis,1974,spotify:album:5EvsfavFbWpzcg3VNLQEOF,https://www.youtube.com/results?search_query=Inspiration%20Information%20-%20Shuggie%20Otis,https://music.apple.com/album/608660313,Soul|Funk|Jazz|Rock
Rock Bottom,Robert Wyatt,1974,spotify:album:5eIhRd5XE73unTMYluIbz1,https://www.youtube.com/results?search_query=Rock%20Bottom%20-%20Robert%20Wyatt,https://music.apple.com/album/292640400,Rock
Kimono My House,Sparks,1974,spotify:album:4jwO7dt0trrGu0ozSVNRgo,https://www.youtube.com/results?search_query=Kimono%20My%20House%20-%20Sparks,https://music.apple.com/album/1443839065,Pop|Rock
On The Beach,Neil Young,1974,spotify:album:4uXg1lAzlcr1CJWLwekgaM,https://www.youtube.com/results?search_query=On%20The%20Beach%20-%20Neil%20Young,https://music.apple.com/album/1015732002,Rock|Folk
Bad Company,Bad Company,1974,spotify:album:6DaTfshdfMQiM00Yw1CG3J,https://www.youtube.com/results?search_query=Bad%20Company%20-%20Bad%20Company,https://music.apple.com/album/978942690,Rock
Here Come The Warm Jets,Brian Eno,1974,spotify:album:74jn28Kr29iyh8eZXSvnwi,https://www.youtube.com/results?search_query=Here%20Come%20The%20Warm%20Jets%20-%20Brian%20Eno,https://music.apple.com/album/723783174,Pop|Rock
Phaedra,Tangerine Dream,1974,spotify:album:7KRXWeJYBkyUmwOFTayiQk,https://www.youtube.com/results?search_query=Phaedra%20-%20Tangerine%20Dream,https://music.apple.com/album/374509769,Electronica
No Other,Gene Clark,1974,spotify:album:7Dln8ruq4VMRtmJDvSGtjJ,https://www.youtube.com/results?search_query=No%20Other%20-%20Gene%20Clark,https://music.apple.com/album/1325735987,Country|Pop|Folk|Rock
The Grand Tour,George Jones,1974,spotify:album:4AB1Ni41i1YgE1snxb0b6r,https://www.youtube.com/results?search_query=The%20Grand%20Tour%20-%20George%20Jones,https://music.apple.com/album/272750643,Country
Winter In America,Gil Scott-Heron,1974,spotify:album:4x2er6NU84V8bOjj1KE5Hh,https://www.youtube.com/results?search_query=Winter%20In%20America%20-%20Gil%20Scott-Heron,https://music.apple.com/album/362015389,Jazz|Soul|Blues
Fulfillingness' First Finale,Stevie Wonder,1974,spotify:album:1kda4McF274Jl5x3aOAmPJ,https://www.youtube.com/results?search_query=Fulfillingness'%20First%20Finale%20-%20Stevie%20Wonder,https://music.apple.com/album/1440739627,Soul
The Lamb Lies Down On Broadway,Genesis,1974,spotify:album:6kuKRIu6YGYxQLwasTL3Gx,https://www.youtube.com/results?search_query=The%20Lamb%20Lies%20Down%20On%20Broadway%20-%20Genesis,https://music.apple.com/album/358933158,Rock
Grievous Angel,Gram Parsons,1974,spotify:album:6UQujMGmR5MbFsML9amCuN,https://www.youtube.com/results?search_query=Grievous%20Angel%20-%20Gram%20Parsons,https://music.apple.com/album/304907551,Rock|Country
It's Too Late to Stop Now,Van Morrison,1974,spotify:album:7ycOIZnRNdpnAEaHXZwah4,https://www.youtube.com/results?search_query=It's%20Too%20Late%20to%20Stop%20Now%20-%20Van%20Morrison,https://music.apple.com/album/1030927650,Rock|Folk|Soul|Jazz
Pieces Of The Sky,Emmylou Harris,1975,spotify:album:04TlWfr3EnQE47HyNTBnex,https://www.youtube.com/results?search_query=Pieces%20Of%20The%20Sky%20-%20Emmylou%20Harris,https://music.apple.com/album/5559908,Country|Folk
A Night At The Opera,Queen,1975,spotify:album:1TSZDcvlPtAnekTaItI3qO,https://www.youtube.com/results?search_query=A%20Night%20At%20The%20Opera%20-%20Queen,https://music.apple.com/album/1440806041,Rock
Nighthawks At The Diner,Tom Waits,1975,spotify:album:5ejL5NoRtasMA1e3znuIlQ,https://www.youtube.com/results?search_query=Nighthawks%20At%20The%20Diner%20-%20Tom%20Waits,https://music.apple.com/album/1485072511,Folk|Rock|Blues
Wish You Were Here,Pink Floyd,1975,spotify:album:6uvBKDGlJAYLH5Vy6RQVsc,https://www.youtube.com/results?search_query=Wish%20You%20Were%20Here%20-%20Pink%20Floyd,https://music.apple.com/album/1065973975,Rock
Physical Graffiti,Led Zeppelin,1975,spotify:album:1lZahjeu4AhPkg9JARZr5F,https://www.youtube.com/results?search_query=Physical%20Graffiti%20-%20Led%20Zeppelin,https://music.apple.com/album/580707980,Metal|Rock
Toys In The Attic,Aerosmith,1975,spotify:album:36IxIOGEBAXVozDSiVs09B,https://www.youtube.com/results?search_query=Toys%20In%20The%20Attic%20-%20Aerosmith,https://music.apple.com/album/192669859,Rock
Go Girl Crazy,The Dictators,1975,spotify:album:39ZIit32CoCg83Hl0bJwgN,https://www.youtube.com/results?search_query=Go%20Girl%20Crazy%20-%20The%20Dictators,https://music.apple.com/album/607581053,Punk|Rock
Young Americans,David Bowie,1975,spotify:album:3VHW81P7SsBqPBGjiCJRXj,https://www.youtube.com/results?search_query=Young%20Americans%20-%20David%20Bowie,https://music.apple.com/album/1195107061,Rock|Soul
Blood On The Tracks,Bob Dylan,1975,spotify:album:4WD4pslu83FF6oMa1e19mF,https://www.youtube.com/results?search_query=Blood%20On%20The%20Tracks%20-%20Bob%20Dylan,https://music.apple.com/album/158320766,Rock|Folk
Born To Run,Bruce Springsteen,1975,spotify:album:43YIoHKSrEw2GJsWmhZIpu,https://www.youtube.com/results?search_query=Born%20To%20Run%20-%20Bruce%20Springsteen,https://music.apple.com/album/310730204,Rock
The Hissing Of Summer Lawns,Joni Mitchell,1975,spotify:album:3gUlFM3azK6ZIkKz1zK7Nj,https://www.youtube.com/results?search_query=The%20Hissing%20Of%20Summer%20Lawns%20-%20Joni%20Mitchell,https://music.apple.com/album/1492375094,Folk|Jazz
Tonight's The Night,Neil Young,1975,spotify:album:5FTx6W84UUU14n29QV4saY,https://www.youtube.com/results?search_query=Tonight's%20The%20Night%20-%20Neil%20Young,https://music.apple.com/album/1015773462,Rock|Folk
Another Green World,Brian Eno,1975,spotify:album:6uoeezh45SYEb8lcT8gDTY,https://www.youtube.com/results?search_query=Another%20Green%20World%20-%20Brian%20Eno,https://music.apple.com/album/724357753,Pop|Rock|Electronica
NEU! 75,Neu!,1975,spotify:album:62YsjwC3eodgWmuQNCqjbs,https://www.youtube.com/results?search_query=NEU!%2075%20-%20Neu!,https://music.apple.com/album/566602425,Rock
That's The Way Of The World,"Earth, Wind & Fire",1975,spotify:album:5tXZfxvr2VaWibD74nw8VL,"https://www.youtube.com/results?search_query=That's%20The%20Way%20Of%20The%20World%20-%20Earth,%20Wind%20&%20Fire",https://music.apple.com/album/532975789,Funk|Soul
Mothership Connection,Parliament,1975,spotify:album:734MC4wQsfNWsg9HLTrUoN,https://www.youtube.com/results?search_query=Mothership%20Connection%20-%20Parliament,https://music.apple.com/album/1440837684,Funk|Rock|Soul
Marcus Garvey,Burning Spear,1975,spotify:album:2YsfYi8B9pEuts9qwa3TSN,https://www.youtube.com/results?search_query=Marcus%20Garvey%20-%20Burning%20Spear,https://music.apple.com/album/1436091420,Reggae
There's No Place Like America Today,Curtis Mayfield,1975,spotify:album:6hP2HgGSn9yC0SrCwjaUOM,https://www.youtube.com/results?search_query=There's%20No%20Place%20Like%20America%20Today%20-%20Curtis%20Mayfield,https://music.apple.com/album/120146434,Soul|Funk
The Köln Concert,Keith Jarrett,1975,spotify:album:0I8vpSE1bSmysN2PhmHoQg,https://www.youtube.com/results?search_query=The%20K%C3%B6ln%20Concert%20-%20Keith%20Jarrett,https://music.apple.com/album/1440840566,Jazz
Horses,Patti Smith,1975,spotify:album:0OeuSeP8wp8n8OuTqYb61C,https://www.youtube.com/results?search_query=Horses%20-%20Patti%20Smith,https://music.apple.com/album/1038568061,Punk|Rock
Born To Be With You,Dion,1975,spotify:album:6TkmkfaLuRjdXIdGGOCGj6,https://www.youtube.com/results?search_query=Born%20To%20Be%20With%20You%20-%20Dion,https://music.apple.com/album/1621456932,Pop|Rock
Red Headed Stranger,Willie Nelson,1975,spotify:album:5aEtg4dxdBk4pj6SJ3hNsM,https://www.youtube.com/results?search_query=Red%20Headed%20Stranger%20-%20Willie%20Nelson,https://music.apple.com/album/404365971,Country
2112,Rush,1976,spotify:album:3eBrvZnagmIDbdgse7cjI6,https://www.youtube.com/results?search_query=2112%20-%20Rush,https://music.apple.com/album/1445876680,Rock
Songs In The Key Of Life,Stevie Wonder,1976,spotify:album:0BBWJ3L9fhkmNLdt4zs4fu,https://www.youtube.com/results?search_query=Songs%20In%20The%20Key%20Of%20Life%20-%20Stevie%20Wonder,https://music.apple.com/album/1440788438,Funk|Soul
Boston,Boston,1976,spotify:album:2QLp07RO6anZHmtcKTEvSC,https://www.youtube.com/results?search_query=Boston%20-%20Boston,https://music.apple.com/album/913902091,Rock
Hotel California,Eagles,1976,spotify:album:2widuo17g5CEC66IbzveRu,https://www.youtube.com/results?search_query=Hotel%20California%20-%20Eagles,https://music.apple.com/album/635770200,Rock
Station To Station,David Bowie,1976,spotify:album:0MWrKayUshRuT8maG4ZAOU,https://www.youtube.com/results?search_query=Station%20To%20Station%20-%20David%20Bowie,https://music.apple.com/album/1195104858,Rock
Music From The Penguin Cafe,Penguin Cafe Orchestra,1976,spotify:album:372smdctC8hNczUfZG8phL,https://www.youtube.com/results?search_query=Music%20From%20The%20Penguin%20Cafe%20-%20Penguin%20Cafe%20Orchestra,https://music.apple.com/album/714974408,Pop
Frampton Comes Alive,Peter Frampton,1976,spotify:album:2Ub0D1QK9IudBBVdfNjGfD,https://www.youtube.com/results?search_query=Frampton%20Comes%20Alive%20-%20Peter%20Frampton,https://music.apple.com/album/1440754678,Rock
Ramones,Ramones,1976,spotify:album:3ToX9inehiXTv17hpaOyie,https://www.youtube.com/results?search_query=Ramones%20-%20Ramones,https://music.apple.com/album/847972873,Punk
Oxygène,Jean-Michel Jarre,1976,spotify:album:2fUrnjG4BPBH52aEAv1XyA,https://www.youtube.com/results?search_query=Oxyg%C3%A8ne%20-%20Jean-Michel%20Jarre,https://music.apple.com/album/1027735862,Electronica
Joan Armatrading,Joan Armatrading,1976,spotify:album:3wKouVhrEkGmdgnASErALn,https://www.youtube.com/results?search_query=Joan%20Armatrading%20-%20Joan%20Armatrading,https://music.apple.com/album/1444099157,Pop|Rock
Rocks,Aerosmith,1976,spotify:album:5Uv5LmSKTT9okGkr3l9MjR,https://www.youtube.com/results?search_query=Rocks%20-%20Aerosmith,https://music.apple.com/album/206768302,Rock
Destroyer,KISS,1976,spotify:album:59plsPcJYFlSA5ImekNQJ0,https://www.youtube.com/results?search_query=Destroyer%20-%20KISS,https://music.apple.com/album/1440854205,Metal|Rock
Africa Brasil,Jorge Ben Jor,1976,spotify:album:5OMRsoc2rgjoGXQEESeu80,https://www.youtube.com/results?search_query=Africa%20Brasil%20-%20Jorge%20Ben%20Jor,https://music.apple.com/album/1444050820,Latin|Funk
The Modern Lovers,The Modern Lovers,1976,spotify:album:5BPCP7WSGBG4br2o4WRmd8,https://www.youtube.com/results?search_query=The%20Modern%20Lovers%20-%20The%20Modern%20Lovers,https://music.apple.com/album/1143260720,Rock|Punk
Arrival,ABBA,1976,spotify:album:79ZX48114T8NH36MnOTtl7,https://www.youtube.com/results?search_query=Arrival%20-%20ABBA,https://music.apple.com/album/1440820126,Pop
Legalize It,Peter Tosh,1976,spotify:album:7aXRSPsEDgXGxFGY235DYz,https://www.youtube.com/results?search_query=Legalize%20It%20-%20Peter%20Tosh,https://music.apple.com/album/993820645,Reggae
Tom Petty & The Heartbreakers,Tom Petty and the Heartbreakers,1976,spotify:album:6TLTd0P2CUI0Q29AQ1LyFi,https://www.youtube.com/results?search_query=Tom%20Petty%20&%20The%20Heartbreakers%20-%20Tom%20Petty%20and%20the%20Heartbreakers,https://music.apple.com/album/892461939,Rock
Hejira,Joni Mitchell,1976,spotify:album:3Z0qQc09rmk4JYtIaxEx2J,https://www.youtube.com/results?search_query=Hejira%20-%20Joni%20Mitchell,https://music.apple.com/album/1492262288,Folk|Jazz
Pacific Ocean Blue,Dennis Wilson,1977,spotify:album:08CyNpU6VJMtGmR7DYjNmQ,https://www.youtube.com/results?search_query=Pacific%20Ocean%20Blue%20-%20Dennis%20Wilson,https://music.apple.com/album/457508820,Rock|Pop
Trans Europe Express,Kraftwerk,1977,spotify:album:0HHRIVjvBcnTepfeRVgS2f,https://www.youtube.com/results?search_query=Trans%20Europe%20Express%20-%20Kraftwerk,https://music.apple.com/album/726144557,Electronica
One World,John Martyn,1977,spotify:album:0fwpH5fM5EvjmOVONRbL5o,https://www.youtube.com/results?search_query=One%20World%20-%20John%20Martyn,https://music.apple.com/album/1444181457,Rock|Folk|Pop
Low,David Bowie,1977,spotify:album:0Oqi3Mm316FRX5H9mHjF0b,https://www.youtube.com/results?search_query=Low%20-%20David%20Bowie,https://music.apple.com/album/1347895593,Rock
Bat Out Of Hell,Meat Loaf,1977,spotify:album:0elHWyUbF2KLuHl8GjlzEM,https://www.youtube.com/results?search_query=Bat%20Out%20Of%20Hell%20-%20Meat%20Loaf,https://music.apple.com/album/991385383,Rock
Suicide,Suicide,1977,spotify:album:0wKU4153oTf5Ne3Wbbcykd,https://www.youtube.com/results?search_query=Suicide%20-%20Suicide,https://music.apple.com/album/1466863885,Rock|Punk|Electronica
Zombie,Fela Kuti,1977,spotify:album:1Gs6iohznUttOXNjQcAqIN,https://www.youtube.com/results?search_query=Zombie%20-%20Fela%20Kuti,https://music.apple.com/album/682197269,Funk|Soul|World|Jazz
Heavy Weather,Weather Report,1977,spotify:album:2S2ujEbkeFUblmiNjf1e0f,https://www.youtube.com/results?search_query=Heavy%20Weather%20-%20Weather%20Report,https://music.apple.com/album/170409940,Rock|Jazz
The Stranger,Billy Joel,1977,spotify:album:3IILMjMMnoN2sKzgesX8KV,https://www.youtube.com/results?search_query=The%20Stranger%20-%20Billy%20Joel,https://music.apple.com/album/158617952,Rock|Pop
Hard Again,Muddy Waters,1977,spotify:album:2xk6vjune34Ym0oUumMeaC,https://www.youtube.com/results?search_query=Hard%20Again%20-%20Muddy%20Waters,https://music.apple.com/album/198155305,Blues
Out Of The Blue,Electric Light Orchestra,1977,spotify:album:2qd7QaBMaK15aNWo7mdWMH,https://www.youtube.com/results?search_query=Out%20Of%20The%20Blue%20-%20Electric%20Light%20Orchestra,https://music.apple.com/album/1054525002,Rock|Pop
The Clash,The Clash,1977,spotify:album:49kzgMsxHU5CTeb2XmFHjo,https://www.youtube.com/results?search_query=The%20Clash%20-%20The%20Clash,https://music.apple.com/album/684737755,Punk
Heroes,David Bowie,1977,spotify:album:3lFioPGhn7x5Y3H3YbPV83,https://www.youtube.com/results?search_query=Heroes%20-%20David%20Bowie,https://music.apple.com/album/1347894082,Rock
Exodus,Bob Marley & The Wailers,1977,spotify:album:2mBbV0Ad6B4ydHMZlzAY7S,https://www.youtube.com/results?search_query=Exodus%20-%20Bob%20Marley%20&%20The%20Wailers,https://music.apple.com/album/1422950004,Reggae
Rattus Norvegicus,The Stranglers,1977,spotify:album:38lyLeszq1p2sck1lB53dq,https://www.youtube.com/results?search_query=Rattus%20Norvegicus%20-%20The%20Stranglers,https://music.apple.com/album/696419517,Rock|Punk
Aja,Steely Dan,1977,spotify:album:5Zxv8bCtxjz11jjypNdkEa,https://www.youtube.com/results?search_query=Aja%20-%20Steely%20Dan,https://music.apple.com/album/1440763044,Rock|Jazz
Talking Heads 77,Talking Heads,1977,spotify:album:5eqcF7pWzHgWpGdEmHgeSN,https://www.youtube.com/results?search_query=Talking%20Heads%2077%20-%20Talking%20Heads,https://music.apple.com/album/124925532,Rock
New Boots And Panties,Ian Dury,1977,spotify:album:5tuUAXD8S0QVhPW7M2aQb0,https://www.youtube.com/results?search_query=New%20Boots%20And%20Panties%20-%20Ian%20Dury,https://music.apple.com/album/1489404322,Pop|Rock|Punk
Rumours,Fleetwood Mac,1977,spotify:album:63k57x0qOkUWEMR0dkMivh,https://www.youtube.com/results?search_query=Rumours%20-%20Fleetwood%20Mac,https://music.apple.com/album/594061854,Rock
Pink Flag,Wire,1977,spotify:album:5dfFLlA2pgPWdZZxrgZAGP,https://www.youtube.com/results?search_query=Pink%20Flag%20-%20Wire,https://music.apple.com/album/1328682500,Punk
Before And After Science,Brian Eno,1977,spotify:album:6lU1MDxi3TqhKnYNQm555u,https://www.youtube.com/results?search_query=Before%20And%20After%20Science%20-%20Brian%20Eno,https://music.apple.com/album/724418251,Pop|Rock|Electronica
"Never Mind The Bollocks, Here’s The Sex Pistols",Sex Pistols,1977,spotify:album:6ggO3YVhyonYuFWUPBRyIv,"https://www.youtube.com/results?search_query=Never%20Mind%20The%20Bollocks,%20Here%E2%80%99s%20The%20Sex%20Pistols%20-%20Sex%20Pistols",https://music.apple.com/album/266317242,Punk
Marquee Moon,Television,1977,spotify:album:630o1rKTDsLeIPreOY1jqP,https://www.youtube.com/results?search_query=Marquee%20Moon%20-%20Television,https://music.apple.com/album/1049069472,Rock|Punk
My Aim Is True,Elvis Costello,1977,spotify:album:1aucGNKimhgARC7iO2xLt2,https://www.youtube.com/results?search_query=My%20Aim%20Is%20True%20-%20Elvis%20Costello,https://music.apple.com/album/1440840988,Rock|Pop
The Idiot,Iggy Pop,1977,spotify:album:7vCU9jvSESwQNQr6SB9JyS,https://www.youtube.com/results?search_query=The%20Idiot%20-%20Iggy%20Pop,https://music.apple.com/album/1440888621,Rock|Punk
Lust For Life,Iggy Pop,1977,spotify:album:7ynKEunH8LSit4TR3foMVC,https://www.youtube.com/results?search_query=Lust%20For%20Life%20-%20Iggy%20Pop,https://music.apple.com/album/1440882892,Rock|Punk
Peter Gabriel,Peter Gabriel,1977,spotify:album:0kDFjyfGFtiIMXlxJ120Ok,https://www.youtube.com/results?search_query=Peter%20Gabriel%20-%20Peter%20Gabriel,https://music.apple.com/album/986695072,Rock
More Songs About Buildings And Food,Talking Heads,1978,spotify:album:01RJdKvXyz515O37itqMIJ,https://www.youtube.com/results?search_query=More%20Songs%20About%20Buildings%20And%20Food%20-%20Talking%20Heads,https://music.apple.com/album/302108628,Rock
Ambient 1/Music For Airports,Brian Eno,1978,spotify:album:063f8Ej8rLVTz9KkjQKEMa,https://www.youtube.com/results?search_query=Ambient%201/Music%20For%20Airports%20-%20Brian%20Eno,https://music.apple.com/album/724435863,Pop|Electronica
Public Image: First Issue,Public Image Ltd.,1978,spotify:album:0MEDjqTfWEiFqdyyQXVTnX,https://www.youtube.com/results?search_query=Public%20Image:%20First%20Issue%20-%20Public%20Image%20Ltd.,https://music.apple.com/album/651217993,Rock
The Scream,Siouxsie And The Banshees,1978,spotify:album:3uMr78kOScjc6eLHMYcVl4,https://www.youtube.com/results?search_query=The%20Scream%20-%20Siouxsie%20And%20The%20Banshees,https://music.apple.com/album/1412054157,Rock
Germfree Adolescents,X-Ray Spex,1978,spotify:album:6O0hDvYYCjEoOzJdXkiaXa,https://www.youtube.com/results?search_query=Germfree%20Adolescents%20-%20X-Ray%20Spex,https://music.apple.com/album/1147125317,Punk|Rock
Another Music In A Different Kitchen,Buzzcocks,1978,spotify:album:4sb64kCC7XHwWtBfsUs0EK,https://www.youtube.com/results?search_query=Another%20Music%20In%20A%20Different%20Kitchen%20-%20Buzzcocks,https://music.apple.com/album/1436343519,Punk
Q: Are We Not Men? A: We Are Devo,Devo,1978,spotify:album:1u2Qni8cVRptDTaA00fmBC,https://www.youtube.com/results?search_query=Q:%20Are%20We%20Not%20Men?%20A:%20We%20Are%20Devo%20-%20Devo,https://music.apple.com/album/335252211,Rock
Dire Straits,Dire Straits,1978,spotify:album:2rCS6Xwx32V27pvgFzLzlT,https://www.youtube.com/results?search_query=Dire%20Straits%20-%20Dire%20Straits,https://music.apple.com/album/307029087,Rock
C'est Chic,CHIC,1978,spotify:album:2KSmpFuIe2nOYYVgA7oa9o,https://www.youtube.com/results?search_query=C'est%20Chic%20-%20CHIC,https://music.apple.com/album/1442990558,Funk|Soul
Live And Dangerous,Thin Lizzy,1978,spotify:album:3xJ3hkFK075OoC9DtlXusX,https://www.youtube.com/results?search_query=Live%20And%20Dangerous%20-%20Thin%20Lizzy,https://music.apple.com/album/1655082617,Metal|Rock
Vento De Maio,Elis Regina,1978,spotify:album:3GCQzHjGHSvtW99n7U7iD8,https://www.youtube.com/results?search_query=Vento%20De%20Maio%20-%20Elis%20Regina,https://music.apple.com/album/713743829,Jazz|Latin
Stardust,Willie Nelson,1978,spotify:album:38uGoW7jS8jjJMvZA26sRq,https://www.youtube.com/results?search_query=Stardust%20-%20Willie%20Nelson,https://music.apple.com/album/886949216,Country
The Man Machine,Kraftwerk,1978,spotify:album:3eyz60xEK5dGEeZF1JJSi9,https://www.youtube.com/results?search_query=The%20Man%20Machine%20-%20Kraftwerk,https://music.apple.com/album/726157248,Electronica
Eternally Yours,The Saints,1978,spotify:album:4DJC1f7Fb0yX86qlw9aqsF,https://www.youtube.com/results?search_query=Eternally%20Yours%20-%20The%20Saints,https://music.apple.com/album/693800761,Rock|Punk
Darkness on the Edge of Town,Bruce Springsteen,1978,spotify:album:4KT6G8fj8EEIfsyr75hbgc,https://www.youtube.com/results?search_query=Darkness%20on%20the%20Edge%20of%20Town%20-%20Bruce%20Springsteen,https://music.apple.com/album/400713977,Rock
This Year's Model,Elvis Costello & The Attractions,1978,spotify:album:3QyqhSxACBlGzsai7TqB1G,https://www.youtube.com/results?search_query=This%20Year's%20Model%20-%20Elvis%20Costello%20&%20The%20Attractions,https://music.apple.com/album/1582735247,Rock|Pop
All Mod Cons,The Jam,1978,spotify:album:5b533EfxPpiYtk0MmilEJO,https://www.youtube.com/results?search_query=All%20Mod%20Cons%20-%20The%20Jam,https://music.apple.com/album/1440910355,Punk
The Cars,The Cars,1978,spotify:album:4tJPWT4r4FSKwy784Qs1Fq,https://www.youtube.com/results?search_query=The%20Cars%20-%20The%20Cars,https://music.apple.com/album/1088527349,Rock
Real Life,Magazine,1978,spotify:album:5cy3t8bW0lNzw9hjCPkRUT,https://www.youtube.com/results?search_query=Real%20Life%20-%20Magazine,https://music.apple.com/album/714604344,Punk
Parallel Lines,Blondie,1978,spotify:album:5wc12ZsmXNIlppTmNFZFLU,https://www.youtube.com/results?search_query=Parallel%20Lines%20-%20Blondie,https://music.apple.com/album/1440929735,Rock
Third/Sister Lovers,Big Star,1978,spotify:album:5spnOKcCnsfRsIBtRrRqGV,https://www.youtube.com/results?search_query=Third/Sister%20Lovers%20-%20Big%20Star,https://music.apple.com/album/1098290738,Rock|Pop|Folk
The Only Ones,The Only Ones,1978,spotify:album:5xXnT1iBWmcFZv9f46FvYq,https://www.youtube.com/results?search_query=The%20Only%20Ones%20-%20The%20Only%20Ones,https://music.apple.com/album/301745091,Pop|Punk|Rock
Van Halen,Van Halen,1978,spotify:album:7DdEbYFPKTZ8KB4z6L4UnQ,https://www.youtube.com/results?search_query=Van%20Halen%20-%20Van%20Halen,https://music.apple.com/album/976820530,Metal|Rock
"Here, My Dear",Marvin Gaye,1978,spotify:album:0YbHA3w82FSmpyXxdXfuCv,"https://www.youtube.com/results?search_query=Here,%20My%20Dear%20-%20Marvin%20Gaye",https://music.apple.com/album/1440850217,Soul|Funk
Dub Housing,Pere Ubu,1978,spotify:album:11WG6HP3dbqkseqf5NoyWF,https://www.youtube.com/results?search_query=Dub%20Housing%20-%20Pere%20Ubu,https://music.apple.com/album/1061144436,Rock
Crossing the Red Sea With the Adverts,The Adverts,1978,spotify:album:7Lwhf0KIxKSRnwyrQqhp7H,https://www.youtube.com/results?search_query=Crossing%20the%20Red%20Sea%20With%20the%20Adverts%20-%20The%20Adverts,https://music.apple.com/album/524109092,Rock|Punk
One Nation Under A Groove,Funkadelic,1978,spotify:album:1ymHE8ItOGthDlfQmqVKEQ,https://www.youtube.com/results?search_query=One%20Nation%20Under%20A%20Groove%20-%20Funkadelic,,Funk|Rock|Soul
Siembra,Willie Colón & Rubén Blades,1978,spotify:album:7wOJ9RTQr05ytqROWtTPzy,https://www.youtube.com/results?search_query=Siembra%20-%20Willie%20Col%C3%B3n%20&%20Rub%C3%A9n%20Blades,https://music.apple.com/album/1464287264,Latin
Shalimar,Rahul Dev Burman,1978,spotify:album:4JXen1DO7SmgTd0sEWLRJd,https://www.youtube.com/results?search_query=Shalimar%20-%20Rahul%20Dev%20Burman,https://music.apple.com/album/1442230858,World
D.O.A. the Third and Final Report of Throbbing Gristle,Throbbing Gristle,1978,spotify:album:5yj769ALl6uKp6ZIJO0BQM,https://www.youtube.com/results?search_query=D.O.A.%20the%20Third%20and%20Final%20Report%20of%20Throbbing%20Gristle%20-%20Throbbing%20Gristle,https://music.apple.com/album/1216304054,Rock
The Modern Dance,Pere Ubu,1978,spotify:album:3zGgLRMaApg4t8GUhG9X8W,https://www.youtube.com/results?search_query=The%20Modern%20Dance%20-%20Pere%20Ubu,https://music.apple.com/album/1061144951,Rock
Honky Tonk Masquerade,Joe Ely,1978,spotify:album:1lGbd1Wa6GxkT4cYJ5OpIr,https://www.youtube.com/results?search_query=Honky%20Tonk%20Masquerade%20-%20Joe%20Ely,https://music.apple.com/album/1669638062,Country
Duck Stab/Buster & Glen,The Residents,1978,spotify:album:0PEMxmj2m6pLKoqYR0WtzW,https://www.youtube.com/results?search_query=Duck%20Stab/Buster%20&%20Glen%20-%20The%20Residents,https://music.apple.com/album/1487511243,Rock
Quiet Life,Japan,1979,spotify:album:0QOBJYviordwqHAgv5g9m3,https://www.youtube.com/results?search_query=Quiet%20Life%20-%20Japan,https://music.apple.com/album/1308548994,Pop|Electronica
Unknown Pleasures,Joy Division,1979,spotify:album:0cbpcdI4UySacPh5RCpDfo,https://www.youtube.com/results?search_query=Unknown%20Pleasures%20-%20Joy%20Division,https://music.apple.com/album/1476702180,Rock
Armed Forces,Elvis Costello & The Attractions,1979,spotify:album:11LBxnHc4oRCvPd6tk8jJZ,https://www.youtube.com/results?search_query=Armed%20Forces%20-%20Elvis%20Costello%20&%20The%20Attractions,https://music.apple.com/album/1543779342,Rock|Pop
Street Life,The Crusaders,1979,spotify:album:1HikauozonmM2vgsgGFeDk,https://www.youtube.com/results?search_query=Street%20Life%20-%20The%20Crusaders,https://music.apple.com/album/1440743777,Funk|Jazz
Risque,CHIC,1979,spotify:album:1UFBJkKiBe3Lzjr307UhuU,https://www.youtube.com/results?search_query=Risque%20-%20CHIC,https://music.apple.com/album/1442986865,Funk|Soul
GI,Germs,1979,spotify:album:1dwzhoYlTd5ZgPygszllwo,https://www.youtube.com/results?search_query=GI%20-%20Germs,https://music.apple.com/album/286128938,Punk
Off The Wall,Michael Jackson,1979,spotify:album:2ZytN2cY4Zjrr9ukb2rqTP,https://www.youtube.com/results?search_query=Off%20The%20Wall%20-%20Michael%20Jackson,https://music.apple.com/album/186166282,Pop|Soul
Machine Gun Etiquette,The Damned,1979,spotify:album:2wCCXYJUgeiRqyIr3ujbMF,https://www.youtube.com/results?search_query=Machine%20Gun%20Etiquette%20-%20The%20Damned,https://music.apple.com/album/590166364,Punk
Broken English,Marianne Faithfull,1979,spotify:album:3H0cWLh4X4x5TB8TTkE3LE,https://www.youtube.com/results?search_query=Broken%20English%20-%20Marianne%20Faithfull,https://music.apple.com/album/1443851809,Folk|Rock
The Wall,Pink Floyd,1979,spotify:album:33p78EyTp6esCBodi24Pzx,https://www.youtube.com/results?search_query=The%20Wall%20-%20Pink%20Floyd,https://music.apple.com/album/1065975633,Rock
We Are Family,Sister Sledge,1979,spotify:album:4GSidaoqyGNwaG5mNKmuLT,https://www.youtube.com/results?search_query=We%20Are%20Family%20-%20Sister%20Sledge,https://music.apple.com/album/333589490,Pop|Funk|Soul
The Undertones,The Undertones,1979,spotify:album:2CGEIN4OnLWDewCT7C4JLh,https://www.youtube.com/results?search_query=The%20Undertones%20-%20The%20Undertones,https://music.apple.com/album/1208860617,Rock|Punk
Cut,The Slits,1979,spotify:album:4iNtNt45SY3Ieb5FR8qt3Q,https://www.youtube.com/results?search_query=Cut%20-%20The%20Slits,https://music.apple.com/album/1440911059,Punk|Rock
Entertainment,Gang Of Four,1979,spotify:album:4lktnCTpQK5vV1im9Z3htY,https://www.youtube.com/results?search_query=Entertainment%20-%20Gang%20Of%20Four,https://music.apple.com/album/1586472605,Punk
B-52's,The B-52's,1979,spotify:album:4VcKXOCUzcrxltYt0Jyqfk,https://www.youtube.com/results?search_query=B-52's%20-%20The%20B-52's,https://music.apple.com/album/983126000,Rock
Fear Of Music,Talking Heads,1979,spotify:album:5dVZpNJraoqCo3BssinMoo,https://www.youtube.com/results?search_query=Fear%20Of%20Music%20-%20Talking%20Heads,https://music.apple.com/album/300965520,Rock
Rust Never Sleeps,Neil Young & Crazy Horse,1979,spotify:album:5m2MQk77aAXPhwI6Ges8X5,https://www.youtube.com/results?search_query=Rust%20Never%20Sleeps%20-%20Neil%20Young%20&%20Crazy%20Horse,https://music.apple.com/album/1015767135,Rock|Folk
At Budokan,Cheap Trick,1979,spotify:album:5ttDbNMKXczvp0Z8QRgKs6,https://www.youtube.com/results?search_query=At%20Budokan%20-%20Cheap%20Trick,https://music.apple.com/album/193204065,Rock
The Pleasure Principle,Gary Numan,1979,spotify:album:5xFlkqLDx3wbgqtvrez1n0,https://www.youtube.com/results?search_query=The%20Pleasure%20Principle%20-%20Gary%20Numan,https://music.apple.com/album/251652523,Pop|Rock|Electronica
Tusk,Fleetwood Mac,1979,spotify:album:5FIN8pyPVx8ggNs5jQ86Re,https://www.youtube.com/results?search_query=Tusk%20-%20Fleetwood%20Mac,https://music.apple.com/album/1055803853,Rock
London Calling,The Clash,1979,spotify:album:6FCzvataOZh68j8OKzOt9a,https://www.youtube.com/results?search_query=London%20Calling%20-%20The%20Clash,https://music.apple.com/album/684811762,Punk
Live At The Witch Trials,The Fall,1979,spotify:album:7i0oB4FlQ99H3EvdqlirCZ,https://www.youtube.com/results?search_query=Live%20At%20The%20Witch%20Trials%20-%20The%20Fall,https://music.apple.com/album/1591080650,Punk
Pretenders,Pretenders,1979,spotify:album:28Eu96aUziJU9iemBomWRs,https://www.youtube.com/results?search_query=Pretenders%20-%20Pretenders,https://music.apple.com/album/197210446,Rock|Punk
Reggatta De Blanc,The Police,1979,spotify:album:2EpuND32cO7CX0gXZl2NB6,https://www.youtube.com/results?search_query=Reggatta%20De%20Blanc%20-%20The%20Police,https://music.apple.com/album/1440744161,Rock
Highway to Hell,AC/DC,1979,spotify:album:10v912xgTZbjAtYfyKWJCS,https://www.youtube.com/results?search_query=Highway%20to%20Hell%20-%20AC/DC,https://music.apple.com/album/574043989,Rock
The Specials,The Specials,1979,spotify:album:7kHtInr7Es2tPk5QJO6y6c,https://www.youtube.com/results?search_query=The%20Specials%20-%20The%20Specials,https://music.apple.com/album/1143645142,Rock|Reggae
Movies,Holger Czukay,1979,spotify:album:0w8692CEApsMHme5SwpOjw,https://www.youtube.com/results?search_query=Movies%20-%20Holger%20Czukay,https://music.apple.com/album/1405756804,Rock
Metal Box,Public Image Ltd.,1979,spotify:album:7HoqZkuUQEE12tl0ByOSsh,https://www.youtube.com/results?search_query=Metal%20Box%20-%20Public%20Image%20Ltd.,https://music.apple.com/album/724146715,Rock
Signing Off,UB40,1980,spotify:album:0rfNBDAG7tzO4Sw5mO3xJE,https://www.youtube.com/results?search_query=Signing%20Off%20-%20UB40,https://music.apple.com/album/714450199,Reggae
Ace of Spades,Motörhead,1980,spotify:album:0sbAKeTchIsRqECNFjPHSf,https://www.youtube.com/results?search_query=Ace%20of%20Spades%20-%20Mot%C3%B6rhead,https://music.apple.com/album/1141599504,Metal
Iron Maiden,Iron Maiden,1980,spotify:album:3DNeMApEMCo4IDXNMYnlFi,https://www.youtube.com/results?search_query=Iron%20Maiden%20-%20Iron%20Maiden,https://music.apple.com/album/1147166991,Metal
Killing Joke,Killing Joke,1980,spotify:album:0FfpevxQr8EyNsjc24TbmI,https://www.youtube.com/results?search_query=Killing%20Joke%20-%20Killing%20Joke,https://music.apple.com/album/714482161,Rock
Sound Affects,The Jam,1980,spotify:album:4DkUmnDgrkBTk1RGLCTZcb,https://www.youtube.com/results?search_query=Sound%20Affects%20-%20The%20Jam,https://music.apple.com/album/1440925312,Punk
Kilimanjaro,The Teardrop Explodes,1980,spotify:album:2JmwtB6nd7Iy3LpaAAvI3m,https://www.youtube.com/results?search_query=Kilimanjaro%20-%20The%20Teardrop%20Explodes,https://music.apple.com/album/1444016700,Rock
Heartattack And Vine,Tom Waits,1980,spotify:album:2sSoLLxo3rLSirqUnlyalo,https://www.youtube.com/results?search_query=Heartattack%20And%20Vine%20-%20Tom%20Waits,https://music.apple.com/album/heartattack-and-vine-remastered/1485075654,Folk|Rock
Underwater Moonlight,The Soft Boys,1980,spotify:album:3icMmcNKFULWPSodX8jDEb,https://www.youtube.com/results?search_query=Underwater%20Moonlight%20-%20The%20Soft%20Boys,https://music.apple.com/album/390659172,Rock
Remain In Light,Talking Heads,1980,spotify:album:3AQgdwMNCiN7awXch5fAaG,https://www.youtube.com/results?search_query=Remain%20In%20Light%20-%20Talking%20Heads,https://music.apple.com/album/124922154,Electronica|Rock
Closer,Joy Division,1980,spotify:album:4kT3ewGWBRAOlocyVp03bm,https://www.youtube.com/results?search_query=Closer%20-%20Joy%20Division,https://music.apple.com/album/1512129942,Rock
Kings Of The Wild Frontier,Adam & The Ants,1980,spotify:album:3rCtKLmTi3yf2kRbolwWaV,https://www.youtube.com/results?search_query=Kings%20Of%20The%20Wild%20Frontier%20-%20Adam%20&%20The%20Ants,https://music.apple.com/album/1108061200,Pop|Punk|Rock
Crocodiles,Echo And The Bunnymen,1980,spotify:album:44aVVevMGKS4q6nWXbELpP,https://www.youtube.com/results?search_query=Crocodiles%20-%20Echo%20And%20The%20Bunnymen,https://music.apple.com/album/299807766,Rock
Group Sex,Circle Jerks,1980,spotify:album:4vnifPGsZxxd1uiTxlB6u3,https://www.youtube.com/results?search_query=Group%20Sex%20-%20Circle%20Jerks,https://music.apple.com/album/518781066,Punk
British Steel,Judas Priest,1980,spotify:album:5bqtZRbUZUxUps8mrO9tGY,https://www.youtube.com/results?search_query=British%20Steel%20-%20Judas%20Priest,https://music.apple.com/album/368081253,Metal|Rock
Songs The Lord Taught Us,The Cramps,1980,spotify:album:6S9rbimtTmC0v6UBWqSpay,https://www.youtube.com/results?search_query=Songs%20The%20Lord%20Taught%20Us%20-%20The%20Cramps,https://music.apple.com/album/724503155,Punk|Rock
More Specials,The Specials,1980,spotify:album:3xz9b9m7yn3WxYxrBVNnNy,https://www.youtube.com/results?search_query=More%20Specials%20-%20The%20Specials,https://music.apple.com/album/1143640926,Rock|Reggae
Searching For The Young Soul Rebels,Dexys Midnight Runners,1980,spotify:album:5iawHcgRuKL5HMRbigdvWC,https://www.youtube.com/results?search_query=Searching%20For%20The%20Young%20Soul%20Rebels%20-%20Dexys%20Midnight%20Runners,https://music.apple.com/album/696716468,Rock
Seventeen Seconds,The Cure,1980,spotify:album:6DCJNDiXeT5C8uSFNM8k56,https://www.youtube.com/results?search_query=Seventeen%20Seconds%20-%20The%20Cure,https://music.apple.com/album/286646354,Rock
Arc Of A Diver,Steve Winwood,1980,spotify:album:7rv16IARB1Vl5oJWy6cSQd,https://www.youtube.com/results?search_query=Arc%20Of%20A%20Diver%20-%20Steve%20Winwood,https://music.apple.com/album/1480068101,Rock|Pop
Hypnotised,The Undertones,1980,spotify:album:7xeab5aTYwuQ2G0P7c1WMI,https://www.youtube.com/results?search_query=Hypnotised%20-%20The%20Undertones,https://music.apple.com/album/1209661411,Punk|Rock
Fresh Fruit for Rotting Vegetables,Dead Kennedys,1980,spotify:album:6tg1dxmyylhE7oFXcnK0P6,https://www.youtube.com/results?search_query=Fresh%20Fruit%20for%20Rotting%20Vegetables%20-%20Dead%20Kennedys,https://music.apple.com/album/1032660113,Punk
Peter Gabriel 3,Peter Gabriel,1980,spotify:album:0KLyPao7XpXHSAMmbkxCoz,https://www.youtube.com/results?search_query=Peter%20Gabriel%203%20-%20Peter%20Gabriel,https://music.apple.com/album/986713177,Rock
Back In Black,AC/DC,1980,spotify:album:6mUdeDZCsExyJLMdAfDuwh,https://www.youtube.com/results?search_query=Back%20In%20Black%20-%20AC/DC,https://music.apple.com/album/574050396,Metal|Rock
The Visitors,ABBA,1981,spotify:album:0lXoZDB0yfxncR0cyrWDmf,https://www.youtube.com/results?search_query=The%20Visitors%20-%20ABBA,https://music.apple.com/album/1440849364,Pop
Beauty And The Beat,The Go-Go's,1981,spotify:album:1L4HE00En7eNK74voVZums,https://www.youtube.com/results?search_query=Beauty%20And%20The%20Beat%20-%20The%20Go-Go's,https://music.apple.com/album/1440843867,Rock|Pop
Non-Stop Erotic Cabaret,Soft Cell,1981,spotify:album:3KFWViJ1wIHAdOVLFTVzjD,https://www.youtube.com/results?search_query=Non-Stop%20Erotic%20Cabaret%20-%20Soft%20Cell,https://music.apple.com/album/1452842273,Rock|Pop|Electronica
My Life In The Bush Of Ghosts,Brian Eno,1981,spotify:album:1m08xZXMNDVCYU7VgUGsme,https://www.youtube.com/results?search_query=My%20Life%20In%20The%20Bush%20Of%20Ghosts%20-%20Brian%20Eno,https://music.apple.com/album/140755569,Pop|Rock
Damaged,Black Flag,1981,spotify:album:34aFnrFRBlErcbU6moRZR3,https://www.youtube.com/results?search_query=Damaged%20-%20Black%20Flag,https://music.apple.com/album/117018235,Punk|Rock
Fire Of Love,The Gun Club,1981,spotify:album:6XIW3ZmE0wOl2QqMNUyElb,https://www.youtube.com/results?search_query=Fire%20Of%20Love%20-%20The%20Gun%20Club,https://music.apple.com/album/1543790920,Punk|Rock
Dare!,The Human League,1981,spotify:album:3ls7tE9D2SIvjTmRuEtsQY,https://www.youtube.com/results?search_query=Dare!%20-%20The%20Human%20League,https://music.apple.com/album/724437555,Electronica|Pop
Moving Pictures,Rush,1981,spotify:album:55YlfsaFPB5HTlhxY114CI,https://www.youtube.com/results?search_query=Moving%20Pictures%20-%20Rush,https://music.apple.com/album/1440798539,Rock
Juju,Siouxsie And The Banshees,1981,spotify:album:5ShmAjEGEkWROooVfA0Amb,https://www.youtube.com/results?search_query=Juju%20-%20Siouxsie%20And%20The%20Banshees,https://music.apple.com/album/1440764567,Rock
Mask,Bauhaus,1981,spotify:album:6IwGxrod9AL4TuYiVDo91O,https://www.youtube.com/results?search_query=Mask%20-%20Bauhaus,https://music.apple.com/album/1027466396,Rock
Penthouse And Pavement,Heaven 17,1981,spotify:album:37SbrHnaAE21bYdSnMSoaL,https://www.youtube.com/results?search_query=Penthouse%20And%20Pavement%20-%20Heaven%2017,https://music.apple.com/album/714604615,Rock|Pop|Electronica
No Sleep 'Til Hammersmith (Live),Motörhead,1981,spotify:album:6DJEPyUk9Vqvq5Rh8HD7D8,https://www.youtube.com/results?search_query=No%20Sleep%20'Til%20Hammersmith%20(Live)%20-%20Mot%C3%B6rhead,https://music.apple.com/album/1147459000,Metal|Rock
Architecture And Morality,Orchestral Manoeuvres In The Dark,1981,spotify:album:6bR98XzGnklTORDvZ7Oc2i,https://www.youtube.com/results?search_query=Architecture%20And%20Morality%20-%20Orchestral%20Manoeuvres%20In%20The%20Dark,https://music.apple.com/album/714757729,Rock|Pop|Electronica
Wild Gift,X,1981,spotify:album:6a3a1We83O9GOK6S4EyqiP,https://www.youtube.com/results?search_query=Wild%20Gift%20-%20X,https://music.apple.com/album/1416140229,Rock|Punk
The Poet,Bobby Womack,1981,spotify:album:3b4FRQBIqULkm6vudUXkcS,https://www.youtube.com/results?search_query=The%20Poet%20-%20Bobby%20Womack,https://music.apple.com/album/1551256064,Soul|Funk
Kollaps,Einstürzende Neubauten,1981,spotify:album:5ESlb1RVMYfhixc1x8JRts,https://www.youtube.com/results?search_query=Kollaps%20-%20Einst%C3%BCrzende%20Neubauten,https://music.apple.com/album/4840207,Rock
Tom Tom Club,Tom Tom Club,1981,spotify:album:3SQ3eqCxInPP4s4bX4xnC9,https://www.youtube.com/results?search_query=Tom%20Tom%20Club%20-%20Tom%20Tom%20Club,https://music.apple.com/album/1443455978,Funk|Electronica
Talk Talk Talk,The Psychedelic Furs,1981,spotify:album:2fwQTAo511xnTWUYJ1Gnrh,https://www.youtube.com/results?search_query=Talk%20Talk%20Talk%20-%20The%20Psychedelic%20Furs,https://music.apple.com/album/211437898,Rock
Rip It Up,Orange Juice,1982,spotify:album:0M8nGzVxKuM41Wr73dU9ex,https://www.youtube.com/results?search_query=Rip%20It%20Up%20-%20Orange%20Juice,https://music.apple.com/album/1183408278,Rock
Rio,Duran Duran,1982,spotify:album:0vndiSM8xxlb8CQFOMMO9h,https://www.youtube.com/results?search_query=Rio%20-%20Duran%20Duran,https://music.apple.com/album/693584837,Rock|Pop
Pornography,The Cure,1982,spotify:album:0qJ30kPyjNkKjtV5h0JpHm,https://www.youtube.com/results?search_query=Pornography%20-%20The%20Cure,https://music.apple.com/album/286646425,Rock
Thriller,Michael Jackson,1982,spotify:album:2ANVost0y2y52ema1E9xAZ,https://www.youtube.com/results?search_query=Thriller%20-%20Michael%20Jackson,https://music.apple.com/album/269572838,Pop|Soul
The Dreaming,Kate Bush,1982,spotify:album:1gRJsaJ7ExC9Q9YdB9ZMC5,https://www.youtube.com/results?search_query=The%20Dreaming%20-%20Kate%20Bush,https://music.apple.com/album/1441565003,Pop|Rock
New Gold Dream (81/82/83/84),Simple Minds,1982,spotify:album:1m8ybrw0umxg8FbBC3pH7K,https://www.youtube.com/results?search_query=New%20Gold%20Dream%20(81/82/83/84)%20-%20Simple%20Minds,https://music.apple.com/album/1442901603,Rock|Pop|Electronica
Too Rye Ay,Dexys Midnight Runners,1982,spotify:album:0oiS0f0gbyZBKfdoCBgutN,https://www.youtube.com/results?search_query=Too%20Rye%20Ay%20-%20Dexys%20Midnight%20Runners,https://music.apple.com/album/1490913660,Rock|Pop
Junkyard,The Birthday Party,1982,spotify:album:1oiC3mdgLddL5kHZsf4DK7,https://www.youtube.com/results?search_query=Junkyard%20-%20The%20Birthday%20Party,https://music.apple.com/album/1641276937,Punk|Rock
1999,Prince,1982,spotify:album:3U1ht9EdWEI9nMvaqdQI67,https://www.youtube.com/results?search_query=1999%20-%20Prince,https://music.apple.com/album/1544173941,Funk|Rock|Pop
The Lexicon Of Love,ABC,1982,spotify:album:2aFWgTQdB8lG7DuMHIU6uw,https://www.youtube.com/results?search_query=The%20Lexicon%20Of%20Love%20-%20ABC,https://music.apple.com/album/1440920887,Rock|Pop
Black Metal,Venom,1982,spotify:album:3USUYWiLEX5HLXF9VXo1MY,https://www.youtube.com/results?search_query=Black%20Metal%20-%20Venom,https://music.apple.com/album/1143701234,Metal
The Rise & Fall,Madness,1982,spotify:album:6CZkNYiE9HGqRlGFprzR4i,https://www.youtube.com/results?search_query=The%20Rise%20&%20Fall%20-%20Madness,,Rock
Imperial Bedroom,Elvis Costello & The Attractions,1982,spotify:album:6Iyeo7CPHen8QEW4x31TpI,https://www.youtube.com/results?search_query=Imperial%20Bedroom%20-%20Elvis%20Costello%20&%20The%20Attractions,https://music.apple.com/album/1440836169,Rock|Pop
Pelican West,Haircut 100,1982,spotify:album:6VIiHu2RCwWo4151YCG7ND,https://www.youtube.com/results?search_query=Pelican%20West%20-%20Haircut%20100,https://music.apple.com/album/1308813098,Rock|Pop
The Nightfly,Donald Fagen,1982,spotify:album:5cOS6szqlcoqmiSoVTqqe8,https://www.youtube.com/results?search_query=The%20Nightfly%20-%20Donald%20Fagen,https://music.apple.com/album/617827654,Rock|Jazz|Pop
The Number Of The Beast,Iron Maiden,1982,spotify:album:6q5MEna6Fg46powSoeZJe3,https://www.youtube.com/results?search_query=The%20Number%20Of%20The%20Beast%20-%20Iron%20Maiden,https://music.apple.com/album/1147165685,Metal
The Message,Grandmaster Flash & The Furious Five,1982,spotify:album:6hrwAx3KoigDlYJx2TCAwC,https://www.youtube.com/results?search_query=The%20Message%20-%20Grandmaster%20Flash%20&%20The%20Furious%20Five,https://music.apple.com/album/59389719,Hip Hop
Sulk,The Associates,1982,spotify:album:5mRmsSSRgDITkzhXCYTs2i,https://www.youtube.com/results?search_query=Sulk%20-%20The%20Associates,https://music.apple.com/album/1205708453,Electronica|Rock|Pop
Nebraska,Bruce Springsteen,1982,spotify:album:6yskFQZNlLYhkchAxELHi6,https://www.youtube.com/results?search_query=Nebraska%20-%20Bruce%20Springsteen,https://music.apple.com/album/185798980,Rock
Soul Mining,The The,1983,spotify:album:0I7bOh7mYGUEyqCFHU9R0A,https://www.youtube.com/results?search_query=Soul%20Mining%20-%20The%20The,https://music.apple.com/album/210039073,Rock
Murmur,R.E.M.,1983,spotify:album:24O8MuUe4K4qtH9BXJ3Ijf,https://www.youtube.com/results?search_query=Murmur%20-%20R.E.M.,https://music.apple.com/album/1440872981,Rock
Out of Step,Minor Threat,1983,spotify:album:0w3NDo617KZktU7gtIdxTR,https://www.youtube.com/results?search_query=Out%20of%20Step%20-%20Minor%20Threat,https://music.apple.com/album/49249592,Punk
Swordfishtrombones,Tom Waits,1983,spotify:album:1JXGJdo7Go4D2fipqXwt4q,https://www.youtube.com/results?search_query=Swordfishtrombones%20-%20Tom%20Waits,https://music.apple.com/album/1440719515,Folk|Rock
Violent Femmes,Violent Femmes,1983,spotify:album:1IgZxMsdWaIoYyMUGrO53Y,https://www.youtube.com/results?search_query=Violent%20Femmes%20-%20Violent%20Femmes,https://music.apple.com/album/1455129708,Punk|Rock
Synchronicity,The Police,1983,spotify:album:28eOriEfl7IGbQDNvWIWXK,https://www.youtube.com/results?search_query=Synchronicity%20-%20The%20Police,https://music.apple.com/album/1440673959,Rock|Pop
Back to Mystery City,Hanoi Rocks,1983,spotify:album:0IbVqm5hUBdWHxo7gN6Pdu,https://www.youtube.com/results?search_query=Back%20to%20Mystery%20City%20-%20Hanoi%20Rocks,https://music.apple.com/album/1141477247,Metal|Rock
Colour By Numbers,Culture Club,1983,spotify:album:51NPMfa9QfxsYtqzcB2VfY,https://www.youtube.com/results?search_query=Colour%20By%20Numbers%20-%20Culture%20Club,https://music.apple.com/album/724214023,Pop
She's So Unusual,Cyndi Lauper,1983,spotify:album:1FvdZ1oizXwF9bxogujoF0,https://www.youtube.com/results?search_query=She's%20So%20Unusual%20-%20Cyndi%20Lauper,https://music.apple.com/album/400603643,Pop|Rock|Electronica
Sweet Dreams (Are Made Of This),Eurythmics,1983,spotify:album:4aS9TfMz2ZlDGPzCqxxvJi,https://www.youtube.com/results?search_query=Sweet%20Dreams%20(Are%20Made%20Of%20This)%20-%20Eurythmics,https://music.apple.com/album/1308528887,Rock|Pop|Electronica
Hearts And Bones,Paul Simon,1983,spotify:album:6OuZ6jmIIVb7K7tdEVThkG,https://www.youtube.com/results?search_query=Hearts%20And%20Bones%20-%20Paul%20Simon,https://music.apple.com/album/380657497,Rock|Folk
Eliminator,ZZ Top,1983,spotify:album:5LMGAYhn2ywaxGZdtmXGpw,https://www.youtube.com/results?search_query=Eliminator%20-%20ZZ%20Top,https://music.apple.com/album/655184882,Rock
Pyromania,Def Leppard,1983,spotify:album:5ab6RIlAGwbVAacV1JIr2d,https://www.youtube.com/results?search_query=Pyromania%20-%20Def%20Leppard,https://music.apple.com/album/1440902935,Metal|Rock
Duck Rock,Malcolm McLaren,1983,spotify:album:6S4f7yDtJlS0iQMEuCtIF0,https://www.youtube.com/results?search_query=Duck%20Rock%20-%20Malcolm%20McLaren,https://music.apple.com/album/714890409,World|Hip Hop
War,U2,1983,spotify:album:6GaqU0TlYBKHUiSJ0AT9A2,https://www.youtube.com/results?search_query=War%20-%20U2,https://music.apple.com/album/1440894470,Rock
Porcupine,Echo And The Bunnymen,1983,spotify:album:4brJ6hWYqPj1sccgk390dC,https://www.youtube.com/results?search_query=Porcupine%20-%20Echo%20And%20The%20Bunnymen,https://music.apple.com/album/31740123,Rock
Born In The U.S.A.,Bruce Springsteen,1984,spotify:album:0PMasrHdpaoIRuHuhHp72O,https://www.youtube.com/results?search_query=Born%20In%20The%20U.S.A.%20-%20Bruce%20Springsteen,https://music.apple.com/album/203708420,Rock
Welcome To The Pleasuredome,Frankie Goes To Hollywood,1984,spotify:album:0FU4Eo42Oyg1We3eRrOf4m,https://www.youtube.com/results?search_query=Welcome%20To%20The%20Pleasuredome%20-%20Frankie%20Goes%20To%20Hollywood,https://music.apple.com/album/1365569059,Rock|Pop|Electronica
A Walk Across The Rooftops,The Blue Nile,1984,spotify:album:2UrSPDjccATKgu4CIxu8IV,https://www.youtube.com/results?search_query=A%20Walk%20Across%20The%20Rooftops%20-%20The%20Blue%20Nile,https://music.apple.com/album/1484087924,Rock|Pop
Diamond Life,Sade,1984,spotify:album:3JcNnjMVSKiNpqhErZarW0,https://www.youtube.com/results?search_query=Diamond%20Life%20-%20Sade,https://music.apple.com/album/1524651063,Soul|Pop|Jazz
Ocean Rain,Echo And The Bunnymen,1984,spotify:album:43jEYhOEU6eWL51lk4l3M7,https://www.youtube.com/results?search_query=Ocean%20Rain%20-%20Echo%20And%20The%20Bunnymen,https://music.apple.com/album/251006541,Rock
Rattlesnakes,Lloyd Cole And The Commotions,1984,spotify:album:4OfGDQC3Z2CdHMknAQMdig,https://www.youtube.com/results?search_query=Rattlesnakes%20-%20Lloyd%20Cole%20And%20The%20Commotions,https://music.apple.com/album/1444138482,Rock
Private Dancer,Tina Turner,1984,spotify:album:3LLnMc4NxRmhlvqT6zDeie,https://www.youtube.com/results?search_query=Private%20Dancer%20-%20Tina%20Turner,https://music.apple.com/album/995303638,Pop|Rock
Let It Be,The Replacements,1984,spotify:album:4LwFCUyV4wM6SEg84PaLuL,https://www.youtube.com/results?search_query=Let%20It%20Be%20-%20The%20Replacements,https://music.apple.com/album/162563989,Rock|Punk
Immigrés,Youssou N'Dour,1984,spotify:album:5bRDrsAfi4j65Zbf3LQE6E,https://www.youtube.com/results?search_query=Immigr%C3%A9s%20-%20Youssou%20N'Dour,https://music.apple.com/album/202088779,World
Double Nickels On The Dime,Minutemen,1984,spotify:album:5viZ5HyYtV0wafK7DoXmgF,https://www.youtube.com/results?search_query=Double%20Nickels%20On%20The%20Dime%20-%20Minutemen,https://music.apple.com/album/117012391,Rock|Punk
Cafe Bleu,The Style Council,1984,spotify:album:6tF9nPl6x7ACsKZ8alL1he,https://www.youtube.com/results?search_query=Cafe%20Bleu%20-%20The%20Style%20Council,https://music.apple.com/album/1440911737,Pop
1984,Van Halen,1984,spotify:album:6x2n6wj3WvkRi8J8gxEcF0,https://www.youtube.com/results?search_query=1984%20-%20Van%20Halen,https://music.apple.com/album/976831013,Metal|Rock
Purple Rain,Prince,1984,spotify:album:7nXJ5k4XgRj5OLg9m8V3zc,https://www.youtube.com/results?search_query=Purple%20Rain%20-%20Prince,https://music.apple.com/album/214145442,Funk|Rock|Pop
Treasure,Cocteau Twins,1984,spotify:album:69ALRb17J5Hx2jta7Gn3kS,https://www.youtube.com/results?search_query=Treasure%20-%20Cocteau%20Twins,https://music.apple.com/album/1027469081,Rock
Run-D.M.C.,Run-D.M.C.,1984,spotify:album:05n0d2kfwGPhKpTonLHRpY,https://www.youtube.com/results?search_query=Run-D.M.C.%20-%20Run-D.M.C.,https://music.apple.com/album/256097651,Hip Hop
Meat Puppets II,Meat Puppets,1984,spotify:album:00ZKth0dl5axbKIriIQLkR,https://www.youtube.com/results?search_query=Meat%20Puppets%20II%20-%20Meat%20Puppets,https://music.apple.com/album/444828555,Rock
Fear and Whiskey,Mekons,1985,spotify:album:010qZDvXVmszJv4ncbEZBh,https://www.youtube.com/results?search_query=Fear%20and%20Whiskey%20-%20Mekons,https://music.apple.com/album/1120134881,Rock
Low-Life,New Order,1985,spotify:album:19YvpcYqIYb0JqfnxHm4F2,https://www.youtube.com/results?search_query=Low-Life%20-%20New%20Order,https://music.apple.com/album/1041433918,Electronica|Rock
Hunting High And Low,a-ha,1985,spotify:album:1ER3B6zev5JEAaqhnyyfbf,https://www.youtube.com/results?search_query=Hunting%20High%20And%20Low%20-%20a-ha,https://music.apple.com/album/1037562339,Pop|Electronica
Brothers In Arms,Dire Straits,1985,spotify:album:1NF8WUbdC632SIwixiWrLh,https://www.youtube.com/results?search_query=Brothers%20In%20Arms%20-%20Dire%20Straits,https://music.apple.com/album/299545299,Rock
Steve McQueen,Prefab Sprout,1985,spotify:album:1I2GiA5ntqkoaybsTpn9fw,https://www.youtube.com/results?search_query=Steve%20McQueen%20-%20Prefab%20Sprout,https://music.apple.com/album/1483229818,Rock|Pop
Rum Sodomy & The Lash,The Pogues,1985,spotify:album:5uy9pvgfvVAlZnegK6fPLU,https://www.youtube.com/results?search_query=Rum%20Sodomy%20&%20The%20Lash%20-%20The%20Pogues,https://music.apple.com/album/357715188,Punk|Rock|Folk
Picture Book,Simply Red,1985,spotify:album:4pk3tltFMVlT06MLJfmWTT,https://www.youtube.com/results?search_query=Picture%20Book%20-%20Simply%20Red,https://music.apple.com/album/274034202,Soul|Pop|Rock
Psychocandy,The Jesus And Mary Chain,1985,spotify:album:4NGWe17wxoQvF0an1ps49l,https://www.youtube.com/results?search_query=Psychocandy%20-%20The%20Jesus%20And%20Mary%20Chain,https://music.apple.com/album/121019601,Rock
Rain Dogs,Tom Waits,1985,spotify:album:4PVqDVjitmZwRx8JIs3HJP,https://www.youtube.com/results?search_query=Rain%20Dogs%20-%20Tom%20Waits,https://music.apple.com/album/1440657420,Folk|Rock
Songs From The Big Chair,Tears For Fears,1985,spotify:album:4yaypP8ytl2ghM2kiNSD8a,https://www.youtube.com/results?search_query=Songs%20From%20The%20Big%20Chair%20-%20Tears%20For%20Fears,https://music.apple.com/album/1440813508,Rock|Pop|Electronica
This Nation’s Saving Grace,The Fall,1985,spotify:album:1SNgA0ZEtKk6dso6ctLJl5,https://www.youtube.com/results?search_query=This%20Nation%E2%80%99s%20Saving%20Grace%20-%20The%20Fall,https://music.apple.com/album/408687081,Punk
Hounds Of Love,Kate Bush,1985,spotify:album:5BWl0bB1q0TqyFmkBEupZy,https://www.youtube.com/results?search_query=Hounds%20Of%20Love%20-%20Kate%20Bush,https://music.apple.com/album/1441652820,Pop|Rock
Meat Is Murder,The Smiths,1985,spotify:album:5DM1qCdgGt2zbknnsVn1Ca,https://www.youtube.com/results?search_query=Meat%20Is%20Murder%20-%20The%20Smiths,https://music.apple.com/album/799986977,Rock
Suzanne Vega,Suzanne Vega,1985,spotify:album:5cboZA5AxA9fc6F1gp818q,https://www.youtube.com/results?search_query=Suzanne%20Vega%20-%20Suzanne%20Vega,https://music.apple.com/album/1429191144,Folk|Pop
Cupid & Psyche 85,Scritti Politti,1985,spotify:album:0nBH3ITWaQDYT2wAWRdg3K,https://www.youtube.com/results?search_query=Cupid%20&%20Psyche%2085%20-%20Scritti%20Politti,https://music.apple.com/album/1139092963,Pop|Electronica
Don't Stand Me Down,Dexys Midnight Runners,1985,spotify:album:55uLhhQo7jiZgQzIGgBku2,https://www.youtube.com/results?search_query=Don't%20Stand%20Me%20Down%20-%20Dexys%20Midnight%20Runners,https://music.apple.com/album/1442855292,Rock
I Against I,Bad Brains,1986,spotify:album:0btkVh2TIc79B4ERtH5rWt,https://www.youtube.com/results?search_query=I%20Against%20I%20-%20Bad%20Brains,https://music.apple.com/album/115821017,Rock|Punk
Rapture,Anita Baker,1986,spotify:album:1C7VOpm96d77zf5yaRqJ2u,https://www.youtube.com/results?search_query=Rapture%20-%20Anita%20Baker,https://music.apple.com/album/1018520424,Soul|Jazz
Talking With the Taxman About Poetry,Billy Bragg,1986,spotify:album:0jMxhxH5JW3aUdVoeRKjWl,https://www.youtube.com/results?search_query=Talking%20With%20the%20Taxman%20About%20Poetry%20-%20Billy%20Bragg,https://music.apple.com/album/1169782262,Rock|Folk|Punk
Blood And Chocolate,Elvis Costello & The Attractions,1986,spotify:album:35V5TZ6drqYeYOoXY1Mp0i,https://www.youtube.com/results?search_query=Blood%20And%20Chocolate%20-%20Elvis%20Costello%20&%20The%20Attractions,https://music.apple.com/album/1443093435,Rock|Pop
Skylarking,XTC,1986,spotify:album:3FVsJiQMI7dp0RfTBdWtMW,https://www.youtube.com/results?search_query=Skylarking%20-%20XTC,https://music.apple.com/album/1440889477,Rock|Pop
Reign In Blood,Slayer,1986,spotify:album:4EKODboelaOmS0gt7hbTHN,https://www.youtube.com/results?search_query=Reign%20In%20Blood%20-%20Slayer,https://music.apple.com/album/1440831562,Metal
Guitar Town,Steve Earle,1986,spotify:album:4KTc14obmyxIcDFv3r4KHX,https://www.youtube.com/results?search_query=Guitar%20Town%20-%20Steve%20Earle,https://music.apple.com/album/1440839053,Country|Folk|Rock
E.V.O.L.,Sonic Youth,1986,spotify:album:4XPVSflb8Y0ENSxKuYzgXc,https://www.youtube.com/results?search_query=E.V.O.L.%20-%20Sonic%20Youth,https://music.apple.com/album/520273579,Rock
Master Of Puppets,Metallica,1986,spotify:album:41bTjcSaiEe4G40RVVHbux,https://www.youtube.com/results?search_query=Master%20Of%20Puppets%20-%20Metallica,https://music.apple.com/album/1440901428,Metal
Peace Sells...But Who's Buying,Megadeth,1986,spotify:album:4PqSk2iBHnsYQK0ecXjS9k,https://www.youtube.com/results?search_query=Peace%20Sells...But%20Who's%20Buying%20-%20Megadeth,https://music.apple.com/album/1440837699,Metal
The Queen Is Dead,The Smiths,1986,spotify:album:5Y0p2XCgRRIjna91aQE8q7,https://www.youtube.com/results?search_query=The%20Queen%20Is%20Dead%20-%20The%20Smiths,https://music.apple.com/album/800092985,Rock
Licensed To Ill,Beastie Boys,1986,spotify:album:5izHWBylmEjk1yTVPAYJWj,https://www.youtube.com/results?search_query=Licensed%20To%20Ill%20-%20Beastie%20Boys,https://music.apple.com/album/1440912031,Hip Hop
The Colour Of Spring,Talk Talk,1986,spotify:album:70V1kL7w7Q9pDU4I6zDjYE,https://www.youtube.com/results?search_query=The%20Colour%20Of%20Spring%20-%20Talk%20Talk,https://music.apple.com/album/696811651,Rock|Pop
Raising Hell,Run-D.M.C.,1986,spotify:album:7AFsTiojVaB2I58oZ1tMRg,https://www.youtube.com/results?search_query=Raising%20Hell%20-%20Run-D.M.C.,https://music.apple.com/album/254344779,Hip Hop
Graceland,Paul Simon,1986,spotify:album:4WoQ94qzwQj28n3nlSOVLB,https://www.youtube.com/results?search_query=Graceland%20-%20Paul%20Simon,https://music.apple.com/album/529574560,Rock|Folk|Pop
Slippery When Wet,Bon Jovi,1986,spotify:album:7pMFJnQzOnQXviU4FPpQAn,https://www.youtube.com/results?search_query=Slippery%20When%20Wet%20-%20Bon%20Jovi,https://music.apple.com/album/1422954626,Metal|Rock
Infected,The The,1986,spotify:album:13uzNaVoUa39KlxEtE8Fo6,https://www.youtube.com/results?search_query=Infected%20-%20The%20The,https://music.apple.com/album/211434887,Rock
Water From An Ancient Well,Abdullah Ibrahim,1986,spotify:album:1QlW8jmei8HgE3C4h3TPhH,https://www.youtube.com/results?search_query=Water%20From%20An%20Ancient%20Well%20-%20Abdullah%20Ibrahim,https://music.apple.com/album/287950999,Jazz
Atomizer,Big Black,1986,spotify:album:329GMS2ylgBXJUXx26vyae,https://www.youtube.com/results?search_query=Atomizer%20-%20Big%20Black,https://music.apple.com/album/1120138003,Punk|Rock
Planet Rock: The Album,Afrika Bambaataa,1986,spotify:album:3qX0GugLujpIodkT6r06hf,https://www.youtube.com/results?search_query=Planet%20Rock:%20The%20Album%20-%20Afrika%20Bambaataa,https://music.apple.com/album/1288203472,Hip Hop
The Last Of The True Believers,Nanci Griffith,1986,spotify:album:35HzQJGNwaNXWUInoJNz1t,https://www.youtube.com/results?search_query=The%20Last%20Of%20The%20True%20Believers%20-%20Nanci%20Griffith,https://music.apple.com/album/1476615397,Country
Throwing Muses,Throwing Muses,1986,spotify:album:3rIziXSp46zL1jmweXITHy,https://www.youtube.com/results?search_query=Throwing%20Muses%20-%20Throwing%20Muses,,Rock
Hysteria,Def Leppard,1987,spotify:album:1ja2qzCrh6bZykcojbZs82,https://www.youtube.com/results?search_query=Hysteria%20-%20Def%20Leppard,https://music.apple.com/album/1440903625,Rock
So,Peter Gabriel,1986,spotify:album:0hQb1KT6L3iEYRkS5u8cjm,https://www.youtube.com/results?search_query=So%20-%20Peter%20Gabriel,https://music.apple.com/album/986800858,Rock|Pop
Introducing The Hardline According To Terence Trent D'Arby,Terence Trent D'Arby,1987,spotify:album:0nw38yniBfbluS93FdYcbE,https://www.youtube.com/results?search_query=Introducing%20The%20Hardline%20According%20To%20Terence%20Trent%20D'Arby%20-%20Terence%20Trent%20D'Arby,https://music.apple.com/album/1632646636,Rock|Soul
Among The Living,Anthrax,1987,spotify:album:0UEuf5G8IVev5K5v6a1sbO,https://www.youtube.com/results?search_query=Among%20The%20Living%20-%20Anthrax,https://music.apple.com/album/1440824574,Metal
Sister,Sonic Youth,1987,spotify:album:0apKBDnFXYmhlMYfXt5zCB,https://www.youtube.com/results?search_query=Sister%20-%20Sonic%20Youth,https://music.apple.com/album/520274588,Rock
Sign 'O' The Times,Prince,1987,spotify:album:2QuHyvguNhl5kfdoE17RRe,https://www.youtube.com/results?search_query=Sign%20'O'%20The%20Times%20-%20Prince,https://music.apple.com/album/1544303593,Funk|Rock|Pop
Bad,Michael Jackson,1987,spotify:album:3Us57CjssWnHjTUIXBuIeH,https://www.youtube.com/results?search_query=Bad%20-%20Michael%20Jackson,https://music.apple.com/album/559334659,Pop|Soul
The Joshua Tree,U2,1987,spotify:album:5vBZRYu2GLA65nfxBvG1a7,https://www.youtube.com/results?search_query=The%20Joshua%20Tree%20-%20U2,https://music.apple.com/album/1443155637,Rock
Actually,Pet Shop Boys,1987,spotify:album:7hkIf8sKiJKRjADB2xan74,https://www.youtube.com/results?search_query=Actually%20-%20Pet%20Shop%20Boys,https://music.apple.com/album/726339710,Pop|Electronica
Calenture,The Triffids,1987,spotify:album:2zypwKIvhs5mxIxMSO5gJK,https://www.youtube.com/results?search_query=Calenture%20-%20The%20Triffids,https://music.apple.com/album/1191943605,Rock
Darklands,The Jesus And Mary Chain,1987,spotify:album:1vtsYpapUeoDNMJOWRql9b,https://www.youtube.com/results?search_query=Darklands%20-%20The%20Jesus%20And%20Mary%20Chain,https://music.apple.com/album/59414636,Rock
Appetite For Destruction,Guns N' Roses,1987,spotify:album:3I9Z1nDCL4E0cP62flcbI5,https://www.youtube.com/results?search_query=Appetite%20For%20Destruction%20-%20Guns%20N'%20Roses,https://music.apple.com/album/1377813284,Metal|Rock
Locust Abortion Technician,Butthole Surfers,1987,spotify:album:3jOpGJzljTdOAYYPrBmyQE,https://www.youtube.com/results?search_query=Locust%20Abortion%20Technician%20-%20Butthole%20Surfers,https://music.apple.com/album/279584061,Rock|Punk
Faith,George Michael,1987,spotify:album:34K1Kvskt9arWy8E1Gz3Lw,https://www.youtube.com/results?search_query=Faith%20-%20George%20Michael,https://music.apple.com/album/395918916,Pop
Opus Dei,Laibach,1987,spotify:album:3706Kd7JanLR1mzDYrEiqm,https://www.youtube.com/results?search_query=Opus%20Dei%20-%20Laibach,https://music.apple.com/album/828105914,Metal|Rock
You're Living All Over Me,Dinosaur Jr.,1987,spotify:album:3hSTADlFxeDx5Tncm3YfPB,https://www.youtube.com/results?search_query=You're%20Living%20All%20Over%20Me%20-%20Dinosaur%20Jr.,https://music.apple.com/album/1497701141,Rock
Scum,Napalm Death,1987,spotify:album:51wqCUWehVrNj2Ltc83zJu,https://www.youtube.com/results?search_query=Scum%20-%20Napalm%20Death,https://music.apple.com/album/310612125,Metal
Music for the Masses,Depeche Mode,1987,spotify:album:5Yyx661Ksxl2pmRUuGLzw3,https://www.youtube.com/results?search_query=Music%20for%20the%20Masses%20-%20Depeche%20Mode,https://music.apple.com/album/298992486,Rock|Electronica
Document,R.E.M.,1987,spotify:album:6gMv3MgFlieOM6Uz5GZBzy,https://www.youtube.com/results?search_query=Document%20-%20R.E.M.,https://music.apple.com/album/1440850529,Rock
Shaka Zulu,Ladysmith Black Mambazo,1987,spotify:album:6BqoNCQsupSaLBkl8u1uME,https://www.youtube.com/results?search_query=Shaka%20Zulu%20-%20Ladysmith%20Black%20Mambazo,https://music.apple.com/album/302138028,World
Floodland,Sisters Of Mercy,1987,spotify:album:2I5WCmOZo17YkcEwjXbLvc,https://www.youtube.com/results?search_query=Floodland%20-%20Sisters%20Of%20Mercy,https://music.apple.com/album/1027459890,Rock
"Strangeways, Here We Come",The Smiths,1987,spotify:album:7jfexk2w5aDI25njkN0UGg,"https://www.youtube.com/results?search_query=Strangeways,%20Here%20We%20Come%20-%20The%20Smiths",https://music.apple.com/album/799980711,Rock
The New Tango,Astor Piazzolla,1987,spotify:album:4C0wWqAGX8EegAkSQJXjtu,https://www.youtube.com/results?search_query=The%20New%20Tango%20-%20Astor%20Piazzolla,https://music.apple.com/album/73246132,World|Jazz|Latin
Warehouse: Songs And Stories,Hüsker Dü,1987,spotify:album:1By3l3EcAlNZXJvSOHFJ98,https://www.youtube.com/results?search_query=Warehouse:%20Songs%20And%20Stories%20-%20H%C3%BCsker%20D%C3%BC,https://music.apple.com/album/282971813,Rock
Electric,The Cult,1987,spotify:album:40P0nhd8xLFpuWt6TmR4lB,https://www.youtube.com/results?search_query=Electric%20-%20The%20Cult,https://music.apple.com/album/1028832590,Rock
Trio,Dolly Parton,1987,spotify:album:4sQEu1QnbFvtYItC4mQSO4,https://www.youtube.com/results?search_query=Trio%20-%20Dolly%20Parton,https://music.apple.com/album/1174111178,Country|Pop
Straight Outta Compton,N.W.A.,1988,spotify:album:12UO1VN1TffieQyDyzjivp,https://www.youtube.com/results?search_query=Straight%20Outta%20Compton%20-%20N.W.A.,https://music.apple.com/album/1440816032,Hip Hop
Life's Too Good,The Sugarcubes,1988,spotify:album:1at2GIPfbUeGwewAUQr4lw,https://www.youtube.com/results?search_query=Life's%20Too%20Good%20-%20The%20Sugarcubes,https://music.apple.com/album/282970870,Rock
Buenas Noches From A Lonely Room,Dwight Yoakam,1988,spotify:album:1NZ8YBYnruBPeKLuvTBARx,https://www.youtube.com/results?search_query=Buenas%20Noches%20From%20A%20Lonely%20Room%20-%20Dwight%20Yoakam,https://music.apple.com/album/963442988,Country
Daydream Nation,Sonic Youth,1988,spotify:album:3BYlBcND6PeKoW6ZODjZO3,https://www.youtube.com/results?search_query=Daydream%20Nation%20-%20Sonic%20Youth,https://music.apple.com/album/520504308,Rock
Bummed,Happy Mondays,1988,spotify:album:1dOzzihyWTb4buhmCDoJ7p,https://www.youtube.com/results?search_query=Bummed%20-%20Happy%20Mondays,https://music.apple.com/album/1313882588,Rock
Isn't Anything,My Bloody Valentine,1988,spotify:album:2ncj0SrtsnWzol4SWMk54b,https://www.youtube.com/results?search_query=Isn't%20Anything%20-%20My%20Bloody%20Valentine,https://music.apple.com/album/288135923,Rock
Fisherman's Blues,The Waterboys,1988,spotify:album:1niTZlsM14tECBG5PDAdZc,https://www.youtube.com/results?search_query=Fisherman's%20Blues%20-%20The%20Waterboys,https://music.apple.com/album/1145543733,Rock|Folk
Surfer Rosa,Pixies,1988,spotify:album:2l7RPWC3E6eStJJLBsUeCI,https://www.youtube.com/results?search_query=Surfer%20Rosa%20-%20Pixies,https://music.apple.com/album/1027465077,Rock
It Takes A Nation Of Millions To Hold Us Back,Public Enemy,1988,spotify:album:3Y0Fer1NCitpAQnMAUaHSe,https://www.youtube.com/results?search_query=It%20Takes%20A%20Nation%20Of%20Millions%20To%20Hold%20Us%20Back%20-%20Public%20Enemy,https://music.apple.com/album/1440923842,Hip Hop
Truth And Soul,Fishbone,1988,spotify:album:3fFLTUfssjzN4vipRRfGxZ,https://www.youtube.com/results?search_query=Truth%20And%20Soul%20-%20Fishbone,https://music.apple.com/album/196393427,Metal|Funk|Reggae
I'm Your Man,Leonard Cohen,1988,spotify:album:3gUw30X6A7WEGcRdv1nFr9,https://www.youtube.com/results?search_query=I'm%20Your%20Man%20-%20Leonard%20Cohen,https://music.apple.com/album/511065875,Folk|Rock
Nothing's Shocking,Jane's Addiction,1988,spotify:album:4DVBJPJyizvHfJQt5pYaCa,https://www.youtube.com/results?search_query=Nothing's%20Shocking%20-%20Jane's%20Addiction,https://music.apple.com/album/1018518208,Rock
Bug,Dinosaur Jr.,1988,spotify:album:3V1DTSotrDIC14Zsb07S9S,https://www.youtube.com/results?search_query=Bug%20-%20Dinosaur%20Jr.,https://music.apple.com/album/1481700834,Rock
If I Should Fall From Grace With God,The Pogues,1988,spotify:album:4V92Puney9WxGPecKtLG4L,https://www.youtube.com/results?search_query=If%20I%20Should%20Fall%20From%20Grace%20With%20God%20-%20The%20Pogues,https://music.apple.com/album/189233622,Punk|Rock|Folk
Vivid,Living Colour,1988,spotify:album:532IlegHv3OfVGgyCFGBTs,https://www.youtube.com/results?search_query=Vivid%20-%20Living%20Colour,https://music.apple.com/album/273290580,Metal|Rock
...And Justice For All,Metallica,1988,spotify:album:69oeRoYEpSsNPGVuYRxfoB,https://www.youtube.com/results?search_query=...And%20Justice%20For%20All%20-%20Metallica,https://music.apple.com/album/1434424163,Metal
Superfuzz Bigmuff,Mudhoney,1988,spotify:album:6YbDNY7VkyBqbO9rBmqVAN,https://www.youtube.com/results?search_query=Superfuzz%20Bigmuff%20-%20Mudhoney,https://music.apple.com/album/279888941,Rock|Punk
16 Lovers Lane,The Go-Betweens,1988,spotify:album:5WLhE2narEJDFpNu7IJ9CI,https://www.youtube.com/results?search_query=16%20Lovers%20Lane%20-%20The%20Go-Betweens,https://music.apple.com/album/1499175266,Rock
Shadowland,k.d. lang,1988,spotify:album:6PmH3vQpsBfkQdnDr4AzLs,https://www.youtube.com/results?search_query=Shadowland%20-%20k.d.%20lang,https://music.apple.com/album/413929065,Country|Pop
Tracy Chapman,Tracy Chapman,1988,spotify:album:6hmmX5UP4rIvOpGSaPerV8,https://www.youtube.com/results?search_query=Tracy%20Chapman%20-%20Tracy%20Chapman,https://music.apple.com/album/79565550,Folk
Viva Hate,Morrissey,1988,spotify:album:6t4LdKTNWIOr2PZIB8tiZF,https://www.youtube.com/results?search_query=Viva%20Hate%20-%20Morrissey,https://music.apple.com/album/828540682,Rock
Idlewild,Everything But The Girl,1988,spotify:album:4zhqDQd41cAkGg7EJVezvx,https://www.youtube.com/results?search_query=Idlewild%20-%20Everything%20But%20The%20Girl,https://music.apple.com/album/1302125845,Rock|Electronica|Pop
The Trinity Session,Cowboy Junkies,1988,spotify:album:566tD6a3xWL6MKLWkw8ERz,https://www.youtube.com/results?search_query=The%20Trinity%20Session%20-%20Cowboy%20Junkies,https://music.apple.com/album/299606787,Country|Folk|Rock
Green,R.E.M.,1988,spotify:album:7rfKAiPs9ToZP9zEJDBqBH,https://www.youtube.com/results?search_query=Green%20-%20R.E.M.,https://music.apple.com/album/1440947724,Rock
California,American Music Club,1988,spotify:album:4CgweKiwA0yckiVbG6eUJI,https://www.youtube.com/results?search_query=California%20-%20American%20Music%20Club,,Rock
Tank Battles,Dagmar Krause,1988,spotify:album:61YthmX9Hi1gyqVl0MGEy2,https://www.youtube.com/results?search_query=Tank%20Battles%20-%20Dagmar%20Krause,,Jazz
The Sensual World,Kate Bush,1989,spotify:album:0Bk6rV33JObdtOpjJg0vIy,https://www.youtube.com/results?search_query=The%20Sensual%20World%20-%20Kate%20Bush,https://music.apple.com/album/1675560159,Pop|Rock
Disintegration,The Cure,1989,spotify:album:6DZNOsLXIU2zOQfQDwDpIS,https://www.youtube.com/results?search_query=Disintegration%20-%20The%20Cure,https://music.apple.com/album/371772227,Rock
Technique,New Order,1989,spotify:album:0c5z5Upw96TWQrZz86V7uD,https://www.youtube.com/results?search_query=Technique%20-%20New%20Order,https://music.apple.com/album/1040968369,Electronica|Rock
The Stone Roses,The Stone Roses,1989,spotify:album:0um9FI6BLBldL5POP4D4Cw,https://www.youtube.com/results?search_query=The%20Stone%20Roses%20-%20The%20Stone%20Roses,https://music.apple.com/album/322969529,Rock
Paul's Boutique,Beastie Boys,1989,spotify:album:1kmyirVya5fRxdjsPFDM05,https://www.youtube.com/results?search_query=Paul's%20Boutique%20-%20Beastie%20Boys,https://music.apple.com/album/721276795,Hip Hop
Moss Side Story,Barry Adamson,1989,spotify:album:1eL75IvSymqwOwfPHPSS7u,https://www.youtube.com/results?search_query=Moss%20Side%20Story%20-%20Barry%20Adamson,https://music.apple.com/album/826508889,Rock
Raw Like Sushi,Neneh Cherry,1989,spotify:album:2AyJzvREOnlnYhaBzF1Kxp,https://www.youtube.com/results?search_query=Raw%20Like%20Sushi%20-%20Neneh%20Cherry,https://music.apple.com/album/716751901,Pop|Hip Hop|Electronica
L'Eau Rouge,The Young Gods,1989,spotify:album:3pIbqidFqx4fVljrJwAaAs,https://www.youtube.com/results?search_query=L'Eau%20Rouge%20-%20The%20Young%20Gods,https://music.apple.com/album/1480031345,Rock|Electronica
Spy Vs. Spy: The Music Of Ornette Coleman,John Zorn,1989,spotify:album:4A10zgDO51IMdrLVfUnhh8,https://www.youtube.com/results?search_query=Spy%20Vs.%20Spy:%20The%20Music%20Of%20Ornette%20Coleman%20-%20John%20Zorn,,Jazz
90,808 State,1989,spotify:album:1Wn9vV02wDeOvMJkaXfQJM,https://www.youtube.com/results?search_query=90%20-%20808%20State,https://music.apple.com/album/1535211465,Electronica
Like A Prayer,Madonna,1989,spotify:album:48AGkmM7iO4jrELRnNZGPV,https://www.youtube.com/results?search_query=Like%20A%20Prayer%20-%20Madonna,https://music.apple.com/album/83448003,Pop|Electronica
Done By The Forces Of Nature,Jungle Brothers,1989,spotify:album:5FCNQAQLw46CKYbv0n2H6V,https://www.youtube.com/results?search_query=Done%20By%20The%20Forces%20Of%20Nature%20-%20Jungle%20Brothers,https://music.apple.com/album/357842261,Hip Hop
Fromohio,fIREHOSE,1989,spotify:album:5SUqb3XY2BmvfAFLTjnBs0,https://www.youtube.com/results?search_query=Fromohio%20-%20fIREHOSE,https://music.apple.com/album/117334583,Rock
Club Classics Vol. One,Soul II Soul,1989,spotify:album:5VxTLm2IZsDQn3r9eX1qfa,https://www.youtube.com/results?search_query=Club%20Classics%20Vol.%20One%20-%20Soul%20II%20Soul,https://music.apple.com/album/724011185,Soul|Hip Hop|Electronica
The Real Thing,Faith No More,1989,spotify:album:6LEP3L94jnkqjOxYJWPRP0,https://www.youtube.com/results?search_query=The%20Real%20Thing%20-%20Faith%20No%20More,https://music.apple.com/album/83386606,Metal|Rock
Pump,Aerosmith,1989,spotify:album:4VWobt8JHr24Gq2qUZK7DB,https://www.youtube.com/results?search_query=Pump%20-%20Aerosmith,https://music.apple.com/album/1440824301,Rock
Nick Of Time,Bonnie Raitt,1989,spotify:album:6wxpS5o0ty5CLqyH5fIRln,https://www.youtube.com/results?search_query=Nick%20Of%20Time%20-%20Bonnie%20Raitt,https://music.apple.com/album/715516713,Rock|Country|Blues|Folk|Pop
Let Love Rule,Lenny Kravitz,1989,spotify:album:70Vuh3jYUMO8LLP5BaqZMb,https://www.youtube.com/results?search_query=Let%20Love%20Rule%20-%20Lenny%20Kravitz,https://music.apple.com/album/725208349,Rock
Doolittle,Pixies,1989,spotify:album:6ymZBbRSmzAvoSGmwAFoxm,https://www.youtube.com/results?search_query=Doolittle%20-%20Pixies,https://music.apple.com/album/7060469,Rock
Playing With Fire,Spacemen 3,1989,spotify:album:0Ju8YUtJB0RMw8NZXgXe6n,https://www.youtube.com/results?search_query=Playing%20With%20Fire%20-%20Spacemen%203,https://music.apple.com/album/1524077428,Rock
Djam Leelii,Baaba Maal,1989,spotify:album:3fI60xJqLkfhnbAf907JsS,https://www.youtube.com/results?search_query=Djam%20Leelii%20-%20Baaba%20Maal,https://music.apple.com/album/2902612,World
The Healer,John Lee Hooker,1989,spotify:album:2jKj2prskANfjyo13navEs,https://www.youtube.com/results?search_query=The%20Healer%20-%20John%20Lee%20Hooker,https://music.apple.com/album/1482311912,Blues
All Hail the Queen,Queen Latifah,1989,spotify:album:2Z3NjmSSynmCMjPyBtd8Ss,https://www.youtube.com/results?search_query=All%20Hail%20the%20Queen%20-%20Queen%20Latifah,https://music.apple.com/album/1288113013,Hip Hop
Rhythm Nation 1814,Janet Jackson,1989,spotify:album:7jtBAkD6DL5yn7komrFTxE,https://www.youtube.com/results?search_query=Rhythm%20Nation%201814%20-%20Janet%20Jackson,https://music.apple.com/album/1440838561,Pop
What's That Noise?,Coldcut,1989,spotify:album:5wnhqlZzXIq8aO9awQO2ND,https://www.youtube.com/results?search_query=What's%20That%20Noise?%20-%20Coldcut,,Electronica
3 Feet High and Rising,De La Soul,1989,spotify:album:34LxHI9x14qXUOS8AWRrYD,https://www.youtube.com/results?search_query=3%20Feet%20High%20and%20Rising%20-%20De%20La%20Soul,https://music.apple.com/album/1657705063,Hip Hop
Pills 'n' Thrills And Bellyaches,Happy Mondays,1990,spotify:album:2Qo9lJydzuAmcBUjGOvrMQ,https://www.youtube.com/results?search_query=Pills%20'n'%20Thrills%20And%20Bellyaches%20-%20Happy%20Mondays,https://music.apple.com/album/1313883247,Rock|Electronica
Fear Of A Black Planet,Public Enemy,1990,spotify:album:0QNPblZ1LIHTKja8pvHauW,https://www.youtube.com/results?search_query=Fear%20Of%20A%20Black%20Planet%20-%20Public%20Enemy,https://music.apple.com/album/1440837282,Hip Hop
AmeriKKKa's Most Wanted,Ice Cube,1990,spotify:album:0TTt6Qm26MyMKv0EM2BKAa,https://www.youtube.com/results?search_query=AmeriKKKa's%20Most%20Wanted%20-%20Ice%20Cube,https://music.apple.com/album/1422704616,Hip Hop
Rust In Peace,Megadeth,1990,spotify:album:0qaLL09EtF1hiUis7PRvaJ,https://www.youtube.com/results?search_query=Rust%20In%20Peace%20-%20Megadeth,https://music.apple.com/album/1440848736,Metal
Heaven Or Las Vegas,Cocteau Twins,1990,spotify:album:37hHXJ7xas2Nb7Jbi8ip4E,https://www.youtube.com/results?search_query=Heaven%20Or%20Las%20Vegas%20-%20Cocteau%20Twins,https://music.apple.com/album/258198881,Rock|Electronica
The La's,The La's,1990,spotify:album:1djwiQ802xeU8Q45jv1b0x,https://www.youtube.com/results?search_query=The%20La's%20-%20The%20La's,https://music.apple.com/album/1444167004,Pop|Rock
Ritual De Lo Habitual,Jane's Addiction,1990,spotify:album:2Jkbi83HTSfqEd0CBdYwpU,https://www.youtube.com/results?search_query=Ritual%20De%20Lo%20Habitual%20-%20Jane's%20Addiction,https://music.apple.com/album/251006633,Metal|Rock
I Do Not Want What I Haven't Got,Sinead O'Connor,1990,spotify:album:2azjbHOg6mdA5ABoyZOH4F,https://www.youtube.com/results?search_query=I%20Do%20Not%20Want%20What%20I%20Haven't%20Got%20-%20Sinead%20O'Connor,https://music.apple.com/album/1143642619,Folk|Rock
Behaviour,Pet Shop Boys,1990,spotify:album:3QKOefqeoWmK67Fv6ToyJa,https://www.youtube.com/results?search_query=Behaviour%20-%20Pet%20Shop%20Boys,https://music.apple.com/album/1645126133,Pop|Electronica
Nowhere,Ride,1990,spotify:album:3cmIjwBG498X6AURxoVEnQ,https://www.youtube.com/results?search_query=Nowhere%20-%20Ride,https://music.apple.com/album/608006339,Rock
Repeater,Fugazi,1990,spotify:album:3ZnF1cPxlqB48RyLiecDnv,https://www.youtube.com/results?search_query=Repeater%20-%20Fugazi,https://music.apple.com/album/49249888,Rock
Ragged Glory,Neil Young & Crazy Horse,1990,spotify:album:4YHIfZ986IFFp7OiO9D9Qt,https://www.youtube.com/results?search_query=Ragged%20Glory%20-%20Neil%20Young%20&%20Crazy%20Horse,https://music.apple.com/album/320266672,Rock
Violator,Depeche Mode,1990,spotify:album:45YmvYK4hB4CgQgTMuNRm8,https://www.youtube.com/results?search_query=Violator%20-%20Depeche%20Mode,https://music.apple.com/album/178381167,Electronica
Listen Without Prejudice Vol. 1,George Michael,1990,spotify:album:4lGS8HxU3NYaQxfU0wx2r1,https://www.youtube.com/results?search_query=Listen%20Without%20Prejudice%20Vol.%201%20-%20George%20Michael,https://music.apple.com/album/1276741228,Pop|Rock|Electronica
En-Tact,The Shamen,1990,spotify:album:4jpHKPCfCxyj8CiDEgjrpT,https://www.youtube.com/results?search_query=En-Tact%20-%20The%20Shamen,https://music.apple.com/album/180137060,Electronica
Mama Said Knock You Out,LL Cool J,1990,spotify:album:50Hpr8aPftPZNTvsJU7N3f,https://www.youtube.com/results?search_query=Mama%20Said%20Knock%20You%20Out%20-%20LL%20Cool%20J,https://music.apple.com/album/1443811286,Hip Hop
Bossanova,Pixies,1990,spotify:album:60cRh5MCFNOrFeQykKnDej,https://www.youtube.com/results?search_query=Bossanova%20-%20Pixies,https://music.apple.com/album/1025319099,Rock
Goo,Sonic Youth,1990,spotify:album:4G1YVElmzCn3QkVFQyuxkt,https://www.youtube.com/results?search_query=Goo%20-%20Sonic%20Youth,https://music.apple.com/album/1440838993,Rock
Shake Your Money Maker,The Black Crowes,1990,spotify:album:6QU6itggAYKtzjKOMqz8Ch,https://www.youtube.com/results?search_query=Shake%20Your%20Money%20Maker%20-%20The%20Black%20Crowes,https://music.apple.com/album/1440810644,Rock
World Clique,Deee-Lite,1990,spotify:album:4sTAgYLZy5zwqR3kT1g0oh,https://www.youtube.com/results?search_query=World%20Clique%20-%20Deee-Lite,https://music.apple.com/album/72784411,Electronica
Step In The Arena,Gang Starr,1991,spotify:album:05wcY4zcfSawCyoutTTxda,https://www.youtube.com/results?search_query=Step%20In%20The%20Arena%20-%20Gang%20Starr,https://music.apple.com/album/723665537,Hip Hop
Sex Packets,Digital Underground,1990,spotify:album:7xOwZi6Ks5f5XjTEWoTAH8,https://www.youtube.com/results?search_query=Sex%20Packets%20-%20Digital%20Underground,https://music.apple.com/album/1604634218,Hip Hop
People's Instinctive Travels and the Paths of Rhythm,A Tribe Called Quest,1990,spotify:album:3kV0i1qqudjf0PGawJ4jck,https://www.youtube.com/results?search_query=People's%20Instinctive%20Travels%20and%20the%20Paths%20of%20Rhythm%20-%20A%20Tribe%20Called%20Quest,https://music.apple.com/album/1046921573,Hip Hop
O.G. Original Gangster,Ice T,1991,spotify:album:08Bjvwbg1cFsFfXSdhG23I,https://www.youtube.com/results?search_query=O.G.%20Original%20Gangster%20-%20Ice%20T,https://music.apple.com/album/345100584,Hip Hop
Woodface,Crowded House,1991,spotify:album:1QSoW668F9DVj8Rk9azF7h,https://www.youtube.com/results?search_query=Woodface%20-%20Crowded%20House,https://music.apple.com/album/724471916,Rock
Rising Above Bedlam,Jah Wobble's Invaders Of The Heart,1991,spotify:album:2TXvjVOhfNjAYpRpODqmVb,https://www.youtube.com/results?search_query=Rising%20Above%20Bedlam%20-%20Jah%20Wobble's%20Invaders%20Of%20The%20Heart,https://music.apple.com/album/not%20on%20apple%20music,World
Cypress Hill,Cypress Hill,1991,spotify:album:4tQSV1ZGpwlo3dBiTRuKvM,https://www.youtube.com/results?search_query=Cypress%20Hill%20-%20Cypress%20Hill,https://music.apple.com/album/192754650,Hip Hop
Nevermind,Nirvana,1991,spotify:album:2UJcKiJxNryhL050F5Z1Fk,https://www.youtube.com/results?search_query=Nevermind%20-%20Nirvana,https://music.apple.com/album/1440783617,Rock
Blood Sugar Sex Magik,Red Hot Chili Peppers,1991,spotify:album:30Perjew8HyGkdSmqguYyg,https://www.youtube.com/results?search_query=Blood%20Sugar%20Sex%20Magik%20-%20Red%20Hot%20Chili%20Peppers,https://music.apple.com/album/945581828,Rock
The Low End Theory,A Tribe Called Quest,1991,spotify:album:1p12OAWwudgMqfMzjMvl2a,https://www.youtube.com/results?search_query=The%20Low%20End%20Theory%20-%20A%20Tribe%20Called%20Quest,https://music.apple.com/album/278911460,Hip Hop
Loveless,My Bloody Valentine,1991,spotify:album:3USQKOw0se5pBNEndu82Rb,https://www.youtube.com/results?search_query=Loveless%20-%20My%20Bloody%20Valentine,https://music.apple.com/album/288277647,Rock
Metallica,Metallica,1991,spotify:album:37lWyRxkf3wQHCOlXM5WfX,https://www.youtube.com/results?search_query=Metallica%20-%20Metallica,https://music.apple.com/album/579372950,Metal
Apocalypse 91… The Enemy Strikes Black,Public Enemy,1991,spotify:album:3QVPMlUATe3J9N7JKXNP25,https://www.youtube.com/results?search_query=Apocalypse%2091%E2%80%A6%20The%20Enemy%20Strikes%20Black%20-%20Public%20Enemy,https://music.apple.com/album/1434918687,Hip Hop
Screamadelica,Primal Scream,1991,spotify:album:3Kkocxhs4Ek537j67DFNd7,https://www.youtube.com/results?search_query=Screamadelica%20-%20Primal%20Scream,https://music.apple.com/album/302077857,Rock|Electronica
Bandwagonesque,Teenage Fanclub,1991,spotify:album:552B7PzJN3xFmjp4lUWL2p,https://www.youtube.com/results?search_query=Bandwagonesque%20-%20Teenage%20Fanclub,https://music.apple.com/album/1440905389,Rock
Achtung Baby,U2,1991,spotify:album:3hErePSImi79vYHrSmypGw,https://www.youtube.com/results?search_query=Achtung%20Baby%20-%20U2,https://music.apple.com/album/1443063058,Rock
Every Good Boy Deserves Fudge,Mudhoney,1991,spotify:album:4aw2aMrIqaCy4NAfvKxDAS,https://www.youtube.com/results?search_query=Every%20Good%20Boy%20Deserves%20Fudge%20-%20Mudhoney,https://music.apple.com/album/3275889,Punk|Rock
Ten,Pearl Jam,1991,spotify:album:5B4PYA7wNN4WdEXdIJu58a,https://www.youtube.com/results?search_query=Ten%20-%20Pearl%20Jam,https://music.apple.com/album/425465247,Rock
Blue Lines,Massive Attack,1991,spotify:album:5mAPk4qeNqVLtNydaWbWlf,https://www.youtube.com/results?search_query=Blue%20Lines%20-%20Massive%20Attack,https://music.apple.com/album/715864097,Electronica|Rock
Foxbase Alpha,Saint Etienne,1991,spotify:album:7e0mEjhM8D2x8E5c9H1oY3,https://www.youtube.com/results?search_query=Foxbase%20Alpha%20-%20Saint%20Etienne,https://music.apple.com/album/302078938,Pop|Electronica
Peggy Suicide,Julian Cope,1991,spotify:album:5XuAHc6MWOsYa0x26LMSfu,https://www.youtube.com/results?search_query=Peggy%20Suicide%20-%20Julian%20Cope,https://music.apple.com/album/1444042548,Rock|Punk
Spiderland,Slint,1991,spotify:album:64v1yzdytF7Trfzswc0bRo,https://www.youtube.com/results?search_query=Spiderland%20-%20Slint,https://music.apple.com/album/295785324,Rock
Arise,Sepultura,1991,spotify:album:7hgWmH16eu70yqrg5Pc3SM,https://www.youtube.com/results?search_query=Arise%20-%20Sepultura,https://music.apple.com/album/1392358661,Metal
Qui sème le vent récolte le tempo,MC Solaar,1991,spotify:album:5hM61fBUA5OIMJUUuMrzyH,https://www.youtube.com/results?search_query=Qui%20s%C3%A8me%20le%20vent%20r%C3%A9colte%20le%20tempo%20-%20MC%20Solaar,https://music.apple.com/album/1572971729,Hip Hop
The White Room,The KLF,1991,spotify:album:0pXHFRsNFwGmFv9zlNOoKC,https://www.youtube.com/results?search_query=The%20White%20Room%20-%20The%20KLF,https://music.apple.com/album/1563756324,Electronica
It's A Shame About Ray,The Lemonheads,1992,spotify:album:3AKjod7W29b6DQKwuInZji,https://www.youtube.com/results?search_query=It's%20A%20Shame%20About%20Ray%20-%20The%20Lemonheads,https://music.apple.com/album/1282310330,Rock
Automatic For The People,R.E.M.,1992,spotify:album:006Qsi10luS9xEBAcIWGTf,https://www.youtube.com/results?search_query=Automatic%20For%20The%20People%20-%20R.E.M.,https://music.apple.com/album/1571670285,Rock
Little Earthquakes,Tori Amos,1992,spotify:album:1pFUGy3ABpLRRE3oNMPbDb,https://www.youtube.com/results?search_query=Little%20Earthquakes%20-%20Tori%20Amos,https://music.apple.com/album/981370459,Pop|Rock
Copper Blue,Sugar,1992,spotify:album:4haSyDMB9N6R9BHBO6flMe,https://www.youtube.com/results?search_query=Copper%20Blue%20-%20Sugar,https://music.apple.com/album/527968667,Rock
Slanted And Enchanted,Pavement,1992,spotify:album:2fha0wrQ7OrBG9FfZYe2tt,https://www.youtube.com/results?search_query=Slanted%20And%20Enchanted%20-%20Pavement,https://music.apple.com/album/1589229771,Rock
Ingenue,k.d. lang,1992,spotify:album:1cHVBJY0QDg1ss4jsNXOvS,https://www.youtube.com/results?search_query=Ingenue%20-%20k.d.%20lang,https://music.apple.com/album/1242541804,Country|Pop|Folk|Rock
Hypocrisy Is The Greatest Luxury,The Disposable Heroes Of Hiphoprisy,1992,spotify:album:32RPBIthlaFGpOjf5t9FS7,https://www.youtube.com/results?search_query=Hypocrisy%20Is%20The%20Greatest%20Luxury%20-%20The%20Disposable%20Heroes%20Of%20Hiphoprisy,https://music.apple.com/album/1442921405,Hip Hop
Bizarre Ride II The Pharcyde,The Pharcyde,1992,spotify:album:48kU5gP41TqZEw32Cwhsna,https://www.youtube.com/results?search_query=Bizarre%20Ride%20II%20The%20Pharcyde%20-%20The%20Pharcyde,https://music.apple.com/album/1440913414,Hip Hop
KE*A*H** (Psalm 69),Ministry,1992,spotify:album:2wz3P1w89gQd3iXdmF1IA5,https://www.youtube.com/results?search_query=KE*A*H**%20(Psalm%2069)%20-%20Ministry,https://music.apple.com/album/297744447,Metal
Lazer Guided Melodies,Spiritualized,1992,spotify:album:3VDxQFwfQHE1Gze1GK7Yoq,https://www.youtube.com/results?search_query=Lazer%20Guided%20Melodies%20-%20Spiritualized,https://music.apple.com/album/1502472550,Rock
"3 Years, 5 Months And 2 Days In The Life Of...",Arrested Development,1992,spotify:album:4QrhfVaznhrAPlM5xCKBPh,"https://www.youtube.com/results?search_query=3%20Years,%205%20Months%20And%202%20Days%20In%20The%20Life%20Of...%20-%20Arrested%20Development",https://music.apple.com/album/715906160,Hip Hop
Your Arsenal,Morrissey,1992,spotify:album:4eMxaP2VDkK8yKP38Q8fkY,https://www.youtube.com/results?search_query=Your%20Arsenal%20-%20Morrissey,https://music.apple.com/album/818695941,Rock
The Predator,Ice Cube,1992,spotify:album:71HM1CMYWeZzws8pyiEn46,https://www.youtube.com/results?search_query=The%20Predator%20-%20Ice%20Cube,https://music.apple.com/album/1440858596,Hip Hop
Dirty,Sonic Youth,1992,spotify:album:3vZQVeesxkzSRPtVLsrXKn,https://www.youtube.com/results?search_query=Dirty%20-%20Sonic%20Youth,https://music.apple.com/album/1440833211,Rock
Rage Against The Machine,Rage Against The Machine,1992,spotify:album:4LaRYkT4oy47wEuQgkLBul,https://www.youtube.com/results?search_query=Rage%20Against%20The%20Machine%20-%20Rage%20Against%20The%20Machine,https://music.apple.com/album/191450810,Rock
"Haut de gamme / Koweït, rive gauche",Koffi Olomide,1992,spotify:album:4gV58UaDEEHWy5hPPkKNWm,"https://www.youtube.com/results?search_query=Haut%20de%20gamme%20/%20Kowe%C3%AFt,%20rive%20gauche%20-%20Koffi%20Olomide",https://music.apple.com/album/1070541934,World
Connected,Stereo MC's,1992,spotify:album:6DvxgXySoAVKEeQ80xnQ4i,https://www.youtube.com/results?search_query=Connected%20-%20Stereo%20MC's,https://music.apple.com/album/1444180768,Electronica|Hip Hop
Bone Machine,Tom Waits,1992,spotify:album:7tFBY9TpRd91Z2mrcmwH4n,https://www.youtube.com/results?search_query=Bone%20Machine%20-%20Tom%20Waits,https://music.apple.com/album/1440921083,Rock
Vulgar Display Of Power,Pantera,1992,spotify:album:7kW0cpKgSVsEqcc8xgbSb0,https://www.youtube.com/results?search_query=Vulgar%20Display%20Of%20Power%20-%20Pantera,https://music.apple.com/album/1049189134,Metal
Dry,PJ Harvey,1992,spotify:album:1vIaTetjalG42MJV3KjONu,https://www.youtube.com/results?search_query=Dry%20-%20PJ%20Harvey,https://music.apple.com/album/1443489023,Rock
Selected Ambient Works 85-92,Aphex Twin,1992,spotify:album:7aNclGRxTysfh6z0d8671k,https://www.youtube.com/results?search_query=Selected%20Ambient%20Works%2085-92%20-%20Aphex%20Twin,https://music.apple.com/album/1108845101,Electronica
Dirt,Alice In Chains,1992,spotify:album:58NXIEYqmq5dQHg9nV9duM,https://www.youtube.com/results?search_query=Dirt%20-%20Alice%20In%20Chains,https://music.apple.com/album/157316517,Metal|Rock
Lam Toro,Baaba Maal,1992,spotify:album:2VyjjlQ1CxXwAqzVOWhggl,https://www.youtube.com/results?search_query=Lam%20Toro%20-%20Baaba%20Maal,https://music.apple.com/album/1461765282,World
The Chronic,Dr. Dre,1992,spotify:album:6vdFSyhPjL4dZFkgRtToXH,https://www.youtube.com/results?search_query=The%20Chronic%20-%20Dr.%20Dre,https://music.apple.com/album/6654037,Hip Hop
Devotional Songs,Nusrat Fateh Ali Khan,1992,spotify:album:11jVbhpPvXfLi7oxGxRFcq,https://www.youtube.com/results?search_query=Devotional%20Songs%20-%20Nusrat%20Fateh%20Ali%20Khan,,World
Henry's Dream,Nick Cave & The Bad Seeds,1992,spotify:album:5WtxUsdAkyi39GlR9yhD1k,https://www.youtube.com/results?search_query=Henry's%20Dream%20-%20Nick%20Cave%20&%20The%20Bad%20Seeds,https://music.apple.com/album/1143213883,Rock
Emergency On Planet Earth,Jamiroquai,1993,spotify:album:0SeTonJJPjy57LqiCDmeEM,https://www.youtube.com/results?search_query=Emergency%20On%20Planet%20Earth%20-%20Jamiroquai,https://music.apple.com/album/600870407,Funk|Jazz
Wild Wood,Paul Weller,1993,spotify:album:16RbYsL8rkGIn02qZx6t2o,https://www.youtube.com/results?search_query=Wild%20Wood%20-%20Paul%20Weller,https://music.apple.com/album/1440740477,Pop|Rock
Fuzzy,Grant Lee Buffalo,1993,spotify:album:0lpEvJEfpLXHd858t35DQt,https://www.youtube.com/results?search_query=Fuzzy%20-%20Grant%20Lee%20Buffalo,https://music.apple.com/album/1325608701,Rock
Tuesday Night Music Club,Sheryl Crow,1993,spotify:album:1ne2KBkrZa2Qr1TFwoNmJC,https://www.youtube.com/results?search_query=Tuesday%20Night%20Music%20Club%20-%20Sheryl%20Crow,https://music.apple.com/album/1440918803,Pop|Rock
Rid Of Me,PJ Harvey,1993,spotify:album:2fDJpBJhtloxzUENHlU9JB,https://www.youtube.com/results?search_query=Rid%20Of%20Me%20-%20PJ%20Harvey,https://music.apple.com/album/1440923277,Rock
Modern Life Is Rubbish,Blur,1993,spotify:album:2gu1tAkUSoe5zTJNM0qU3g,https://www.youtube.com/results?search_query=Modern%20Life%20Is%20Rubbish%20-%20Blur,https://music.apple.com/album/726407617,Rock
Exile In Guyville,Liz Phair,1993,spotify:album:3DRlG4ezNna6WCi3uPGcDL,https://www.youtube.com/results?search_query=Exile%20In%20Guyville%20-%20Liz%20Phair,https://music.apple.com/album/1357406348,Pop|Rock
Suede,Suede,1993,spotify:album:23dDYYL9z4gZjkR4cHrazY,https://www.youtube.com/results?search_query=Suede%20-%20Suede,https://music.apple.com/album/1509757977,Rock
Strange Cargo III,William Orbit,1993,spotify:album:2tdJzRmoFwJME9skwrPGew,https://www.youtube.com/results?search_query=Strange%20Cargo%20III%20-%20William%20Orbit,https://music.apple.com/album/not%20on%20apple%20music,Electronica
Enter The Wu-Tang (36 Chambers),Wu-Tang Clan,1993,spotify:album:3tQd5mwBtVyxCoEo4htGAV,https://www.youtube.com/results?search_query=Enter%20The%20Wu-Tang%20(36%20Chambers)%20-%20Wu-Tang%20Clan,https://music.apple.com/album/304781708,Hip Hop
The Infotainment Scan,The Fall,1993,spotify:album:3y4o8DtTqCFEFcJrI87nqu,https://www.youtube.com/results?search_query=The%20Infotainment%20Scan%20-%20The%20Fall,https://music.apple.com/album/1119753695,Punk
Siamese Dream,The Smashing Pumpkins,1993,spotify:album:2Qs2SpclDToB087fLolhCN,https://www.youtube.com/results?search_query=Siamese%20Dream%20-%20The%20Smashing%20Pumpkins,https://music.apple.com/album/721207206,Rock
Giant Steps,The Boo Radleys,1993,spotify:album:6347aGYak5Dsi0hwPMMpmj,https://www.youtube.com/results?search_query=Giant%20Steps%20-%20The%20Boo%20Radleys,https://music.apple.com/album/268500341,Rock
Debut,Björk,1993,spotify:album:4akCXGsQEjlz6LsMGwRuDa,https://www.youtube.com/results?search_query=Debut%20-%20Bj%C3%B6rk,https://music.apple.com/album/300205427,Pop|Electronica|Rock
Bubble And Scrape,Sebadoh,1993,spotify:album:6i5tPnXjltqPzcWemiyz8q,https://www.youtube.com/results?search_query=Bubble%20And%20Scrape%20-%20Sebadoh,https://music.apple.com/album/3246883,Rock
Very,Pet Shop Boys,1993,spotify:album:6isi41U6Wdh0JBglB26rKX,https://www.youtube.com/results?search_query=Very%20-%20Pet%20Shop%20Boys,https://music.apple.com/album/696076929,Pop|Electronica
New Wave,The Auteurs,1993,spotify:album:7dJLDJkGND4ovSCRL4r4bk,https://www.youtube.com/results?search_query=New%20Wave%20-%20The%20Auteurs,https://music.apple.com/album/724205052,Pop|Rock
Gentlemen,The Afghan Whigs,1993,spotify:album:6GEMMxfQVeQv6asV3ulqgd,https://www.youtube.com/results?search_query=Gentlemen%20-%20The%20Afghan%20Whigs,https://music.apple.com/album/930198470,Rock
In Utero,Nirvana,1993,spotify:album:7wOOA7l306K8HfBKfPoafr,https://www.youtube.com/results?search_query=In%20Utero%20-%20Nirvana,https://music.apple.com/album/1440858699,Rock
Venus Luxure No. 1 Baby,Girls Against Boys,1993,spotify:album:68K3RW0Yxuwxf9dBXKTP29,https://www.youtube.com/results?search_query=Venus%20Luxure%20No.%201%20Baby%20-%20Girls%20Against%20Boys,https://music.apple.com/album/1120153981,Rock
Whatever,Aimee Mann,1993,spotify:album:6c1xyQiasQXWYtKy70Vm8q,https://www.youtube.com/results?search_query=Whatever%20-%20Aimee%20Mann,https://music.apple.com/album/1444059812,Pop|Rock
Orbital 2,Orbital,1993,spotify:album:1JYyYFJSYrXMHLe7Dz1B3W,https://www.youtube.com/results?search_query=Orbital%202%20-%20Orbital,https://music.apple.com/album/1320062319,Electronica
Doggystyle,Snoop Dogg,1993,spotify:album:5IFOummNcGXY3qCBWRchqP,https://www.youtube.com/results?search_query=Doggystyle%20-%20Snoop%20Dogg,https://music.apple.com/album/1676306182,Hip Hop
Music For The Jilted Generation,The Prodigy,1994,spotify:album:04moHShgS3I0ErPt2mTAtd,https://www.youtube.com/results?search_query=Music%20For%20The%20Jilted%20Generation%20-%20The%20Prodigy,https://music.apple.com/album/500162485,Electronica
Dog Man Star,Suede,1994,spotify:album:1LgpJjBJIRQhkJ01oZR3Cn,https://www.youtube.com/results?search_query=Dog%20Man%20Star%20-%20Suede,https://music.apple.com/album/1333108056,Rock
Live Through This,Hole,1994,spotify:album:1EvUhZU1lQ7scplQ140i6m,https://www.youtube.com/results?search_query=Live%20Through%20This%20-%20Hole,https://music.apple.com/album/1445732603,Rock
Grace,Jeff Buckley,1994,spotify:album:7yQtjAjhtNi76KRu05XWFS,https://www.youtube.com/results?search_query=Grace%20-%20Jeff%20Buckley,https://music.apple.com/album/1046187510,Rock
Haunted Dancehall,The Sabres Of Paradise,1994,spotify:album:1fjxW1nWJZbZhni4slSy38,https://www.youtube.com/results?search_query=Haunted%20Dancehall%20-%20The%20Sabres%20Of%20Paradise,https://music.apple.com/album/288660696,Electronica
Parklife,Blur,1994,spotify:album:0YS25Dr3hMtMFlVTfuvzl4,https://www.youtube.com/results?search_query=Parklife%20-%20Blur,https://music.apple.com/album/699665183,Rock
Definitely Maybe,Oasis,1994,spotify:album:3LzKUdUTdJb6P7xGN6SotC,https://www.youtube.com/results?search_query=Definitely%20Maybe%20-%20Oasis,https://music.apple.com/album/1517506402,Rock
Snivilisation,Orbital,1994,spotify:album:30nRhMqZKuMHDH6CRCCCPz,https://www.youtube.com/results?search_query=Snivilisation%20-%20Orbital,https://music.apple.com/album/1313445782,Electronica
The Sun Rises In The East,Jeru The Damaja,1994,spotify:album:3dbeq8w6JqKAIxIgfZQPjC,https://www.youtube.com/results?search_query=The%20Sun%20Rises%20In%20The%20East%20-%20Jeru%20The%20Damaja,https://music.apple.com/album/1434911347,Hip Hop
Dummy,Portishead,1994,spotify:album:3gxOtUSRzweDWBKlpj7cG6,https://www.youtube.com/results?search_query=Dummy%20-%20Portishead,https://music.apple.com/album/1440653096,Electronica
Illmatic,Nas,1994,spotify:album:3kEtdS2pH6hKcMU9Wioob1,https://www.youtube.com/results?search_query=Illmatic%20-%20Nas,https://music.apple.com/album/662324135,Hip Hop
Teenager Of The Year,Frank Black,1994,spotify:album:2zRDp36FDBbOJDihTwQpKa,https://www.youtube.com/results?search_query=Teenager%20Of%20The%20Year%20-%20Frank%20Black,https://music.apple.com/album/513245412,Rock
Tical,Method Man,1994,spotify:album:4Ais0a1C6EzL9gAyWlYqJb,https://www.youtube.com/results?search_query=Tical%20-%20Method%20Man,https://music.apple.com/album/1440885568,Hip Hop
Smash,The Offspring,1994,spotify:album:4jHuw0FsxTYTS3TFOmnYyD,https://www.youtube.com/results?search_query=Smash%20-%20The%20Offspring,https://music.apple.com/album/1485043082,Punk|Rock
The Downward Spiral,Nine Inch Nails,1994,spotify:album:4zvKUPP4GO4Q6GcAlhtvfF,https://www.youtube.com/results?search_query=The%20Downward%20Spiral%20-%20Nine%20Inch%20Nails,https://music.apple.com/album/1440837096,Rock
Superunknown,Soundgarden,1994,spotify:album:4ePl0meknOkJ892O9yszEY,https://www.youtube.com/results?search_query=Superunknown%20-%20Soundgarden,https://music.apple.com/album/1440811129,Rock
Dookie,Green Day,1994,spotify:album:4uG8q3GPuWHQlRbswMIRS6,https://www.youtube.com/results?search_query=Dookie%20-%20Green%20Day,https://music.apple.com/album/1160081985,Punk|Rock
Protection,Massive Attack,1994,spotify:album:5CnZjFfPDmxOX7KnWLLqpC,https://www.youtube.com/results?search_query=Protection%20-%20Massive%20Attack,https://music.apple.com/album/724410562,Electronica
Brutal Youth,Elvis Costello,1994,spotify:album:5BZDMsWJJImD6r28jzNnYj,https://www.youtube.com/results?search_query=Brutal%20Youth%20-%20Elvis%20Costello,https://music.apple.com/album/294818554,Rock|Pop
MTV Unplugged In New York,Nirvana,1994,spotify:album:5pbjLidJuoty9QUOy6X682,https://www.youtube.com/results?search_query=MTV%20Unplugged%20In%20New%20York%20-%20Nirvana,https://music.apple.com/album/1440892370,Rock
Ready To Die,The Notorious B.I.G.,1994,spotify:album:5vzC8CgZMeaBubitu2rK6m,https://www.youtube.com/results?search_query=Ready%20To%20Die%20-%20The%20Notorious%20B.I.G.,https://music.apple.com/album/204669326,Hip Hop
Ill Communication,Beastie Boys,1994,spotify:album:6lfjbwFGzQ6aSNP1N3JlT8,https://www.youtube.com/results?search_query=Ill%20Communication%20-%20Beastie%20Boys,https://music.apple.com/album/724771323,Hip Hop|Rock
Vauxhall And I,Morrissey,1994,spotify:album:5lKYNLYykoFAVRAeV5EqPE,https://www.youtube.com/results?search_query=Vauxhall%20And%20I%20-%20Morrissey,https://music.apple.com/album/880823894,Rock
Crazysexycool,TLC,1994,spotify:album:5eg56dCpFn32neJak2vk0f,https://www.youtube.com/results?search_query=Crazysexycool%20-%20TLC,https://music.apple.com/album/270246704,Hip Hop|Pop
Yank Crime,Drive Like Jehu,1994,spotify:album:7AHbaRIYnilUwe981nZpmi,https://www.youtube.com/results?search_query=Yank%20Crime%20-%20Drive%20Like%20Jehu,https://music.apple.com/album/321075318,Punk|Rock
Crooked Rain Crooked Rain,Pavement,1994,spotify:album:1XFNz6KIvLyIsLFOiLRKqP,https://www.youtube.com/results?search_query=Crooked%20Rain%20Crooked%20Rain%20-%20Pavement,https://music.apple.com/album/1589187959,Rock
The Holy Bible,Manic Street Preachers,1994,spotify:album:7FiPNXyrCGGWFqO4btxPEe,https://www.youtube.com/results?search_query=The%20Holy%20Bible%20-%20Manic%20Street%20Preachers,https://music.apple.com/album/942562485,Rock
G. Love And Special Sauce,G. Love & Special Sauce,1994,spotify:album:6K6iycuUPM1HT5sxnwp6Ek,https://www.youtube.com/results?search_query=G.%20Love%20And%20Special%20Sauce%20-%20G.%20Love%20&%20Special%20Sauce,https://music.apple.com/album/158469825,Blues|Hip Hop|Rock
Talking Timbuktu,Ali Farka Touré,1994,spotify:album:2MSgPFGGgIn5EqLezjLpt9,https://www.youtube.com/results?search_query=Talking%20Timbuktu%20-%20Ali%20Farka%20Tour%C3%A9,https://music.apple.com/album/1468132118,World
Alien Lanes,Guided By Voices,1995,spotify:album:0d72ueyZJ4Hiplg0jebzGM,https://www.youtube.com/results?search_query=Alien%20Lanes%20-%20Guided%20By%20Voices,https://music.apple.com/album/1023390512,Rock
Timeless,Goldie,1995,spotify:album:0MbeekWXeO9BFjImhNH5gf,https://www.youtube.com/results?search_query=Timeless%20-%20Goldie,https://music.apple.com/album/1313865504,Electronica
"Scream, Dracula, Scream",Rocket From The Crypt,1995,spotify:album:0vkWciD32ObFi5iXtWmkvo,"https://www.youtube.com/results?search_query=Scream,%20Dracula,%20Scream%20-%20Rocket%20From%20The%20Crypt",https://music.apple.com/album/1444137420,Rock|Punk
Brown Sugar,D'Angelo,1995,spotify:album:1Owp8VOaFEk4r7zkvGOHmE,https://www.youtube.com/results?search_query=Brown%20Sugar%20-%20D'Angelo,https://music.apple.com/album/1440842296,Soul
Jagged Little Pill,Alanis Morissette,1995,spotify:album:09AwlP99cHfKVNKv4FC8VW,https://www.youtube.com/results?search_query=Jagged%20Little%20Pill%20-%20Alanis%20Morissette,https://music.apple.com/album/1050392837,Pop|Rock
(What's The Story) Morning Glory,Oasis,1995,spotify:album:0PTVq4kaAAuROnfvfA7bHG,https://www.youtube.com/results?search_query=(What's%20The%20Story)%20Morning%20Glory%20-%20Oasis,https://music.apple.com/album/1525933483,Rock
Different Class,Pulp,1995,spotify:album:3ly9T2L4pqTZijFgQssd3x,https://www.youtube.com/results?search_query=Different%20Class%20-%20Pulp,https://music.apple.com/album/1440923838,Rock
Elastica,Elastica,1995,spotify:album:2Eu3dJJYgcbzrhp0zyRBZz,https://www.youtube.com/results?search_query=Elastica%20-%20Elastica,https://music.apple.com/album/1443993070,Rock
Exit Planet Dust,The Chemical Brothers,1995,spotify:album:1Bmuyq89rXZJNK1w8pauEg,https://www.youtube.com/results?search_query=Exit%20Planet%20Dust%20-%20The%20Chemical%20Brothers,https://music.apple.com/album/723670972,Electronica
Foo Fighters,Foo Fighters,1995,spotify:album:4EnNuo8fG7dMoxMefbApRY,https://www.youtube.com/results?search_query=Foo%20Fighters%20-%20Foo%20Fighters,https://music.apple.com/album/258512042,Rock
I Should Coco,Supergrass,1995,spotify:album:3YfIjaJEWqiSbKPguS9Bxd,https://www.youtube.com/results?search_query=I%20Should%20Coco%20-%20Supergrass,https://music.apple.com/album/697226967,Rock
Garbage,Garbage,1995,spotify:album:3gcPVCFXfShcfVtFdMBXNG,https://www.youtube.com/results?search_query=Garbage%20-%20Garbage,https://music.apple.com/album/1440827138,Rock|Electronica
Mellon Collie and the Infinite Sadness,The Smashing Pumpkins,1995,spotify:album:4bPT6Q8ppaSNppk1kbEbLl,https://www.youtube.com/results?search_query=Mellon%20Collie%20and%20the%20Infinite%20Sadness%20-%20The%20Smashing%20Pumpkins,https://music.apple.com/album/721224313,Rock
A Northern Soul,The Verve,1995,spotify:album:4V4NjX74cttwZSKabeqMQc,https://www.youtube.com/results?search_query=A%20Northern%20Soul%20-%20The%20Verve,https://music.apple.com/album/1442287322,Rock
Femi Kuti,Femi Kuti,1995,spotify:album:6VrhPe4z1gPzeXAXW02I1y,https://www.youtube.com/results?search_query=Femi%20Kuti%20-%20Femi%20Kuti,https://music.apple.com/album/1436244165,Pop|World
Leftism,Leftfield,1995,spotify:album:073h2b1HBGj3K1y63vqyfd,https://www.youtube.com/results?search_query=Leftism%20-%20Leftfield,https://music.apple.com/album/1225212206,Electronica
The Bends,Radiohead,1995,spotify:album:6Lmj92VLXz7Z5xcsjXBMSC,https://www.youtube.com/results?search_query=The%20Bends%20-%20Radiohead,https://music.apple.com/album/1097863703,Rock
Maxinquaye,Tricky,1995,spotify:album:7Hj7jLvac1sBCDnvP6qBYd,https://www.youtube.com/results?search_query=Maxinquaye%20-%20Tricky,https://music.apple.com/album/1440918276,Electronica
Smokers Delight,Nightmares On Wax,1995,spotify:album:2kXJwEYQw7WD8cz8VAAcHm,https://www.youtube.com/results?search_query=Smokers%20Delight%20-%20Nightmares%20On%20Wax,https://music.apple.com/album/281088001,Electronica|Hip Hop
Only Built 4 Cuban Linx,Raekwon,1995,spotify:album:7btiyhWzUfzxN3ijSiBpC8,https://www.youtube.com/results?search_query=Only%20Built%204%20Cuban%20Linx%20-%20Raekwon,https://music.apple.com/album/258634938,Hip Hop
Me Against The World,2Pac,1995,spotify:album:3OrucS4sHv6Bl9GS4rafEk,https://www.youtube.com/results?search_query=Me%20Against%20The%20World%20-%202Pac,https://music.apple.com/album/1440509542,Hip Hop
Liquid Swords,GZA,1995,spotify:album:3k8xoyOXkGgZxUKgpmxz4P,https://www.youtube.com/results?search_query=Liquid%20Swords%20-%20GZA,https://music.apple.com/album/1440835438,Hip Hop
Beautiful Freak,Eels,1996,spotify:album:7sqwuxORaCogFGgygafdSt,https://www.youtube.com/results?search_query=Beautiful%20Freak%20-%20Eels,https://music.apple.com/album/1440633129,Rock
Antichrist Superstar,Marilyn Manson,1996,spotify:album:1WLs1iVHFL0wboZpeZ0bFf,https://www.youtube.com/results?search_query=Antichrist%20Superstar%20-%20Marilyn%20Manson,https://music.apple.com/album/1440804350,Metal
Come Find Yourself,Fun Lovin' Criminals,1996,spotify:album:0Io0LirRuQhO2l3OMmgfpO,https://www.youtube.com/results?search_query=Come%20Find%20Yourself%20-%20Fun%20Lovin'%20Criminals,https://music.apple.com/album/1142677721,Hip Hop
Better Living Through Chemistry,Fatboy Slim,1996,spotify:album:1UuXxohFdBe53FTv780i2Z,https://www.youtube.com/results?search_query=Better%20Living%20Through%20Chemistry%20-%20Fatboy%20Slim,https://music.apple.com/album/714928042,Electronica
Tidal,Fiona Apple,1996,spotify:album:0FjSKIL4J4eJM7GnkJNtWL,https://www.youtube.com/results?search_query=Tidal%20-%20Fiona%20Apple,https://music.apple.com/album/309677190,Pop|Rock
1977,Ash,1996,spotify:album:6WPJ2wQLi4SskpTkmofkr9,https://www.youtube.com/results?search_query=1977%20-%20Ash,https://music.apple.com/album/31741551,Rock
First Band On The Moon,The Cardigans,1996,spotify:album:1pstYUSjG1gM0k1Sn2KYrH,https://www.youtube.com/results?search_query=First%20Band%20On%20The%20Moon%20-%20The%20Cardigans,https://music.apple.com/album/1440924683,Pop|Rock
Casanova,The Divine Comedy,1996,spotify:album:0txgYRjymfL0U28aTEK6Qk,https://www.youtube.com/results?search_query=Casanova%20-%20The%20Divine%20Comedy,https://music.apple.com/album/162993522,Pop|Rock
Everything Must Go,Manic Street Preachers,1996,spotify:album:1fi3IyodfojWTth7DhDQ6d,https://www.youtube.com/results?search_query=Everything%20Must%20Go%20-%20Manic%20Street%20Preachers,https://music.apple.com/album/193875537,Rock
Emperor Tomato Ketchup,Stereolab,1996,spotify:album:1b5kjGhDwtLgOJLS65bKYh,https://www.youtube.com/results?search_query=Emperor%20Tomato%20Ketchup%20-%20Stereolab,https://music.apple.com/album/1230526714,Rock|Electronica
Maxwell's Urban Hang Suite,Maxwell,1996,spotify:album:2k5YAxjmAD3DmYtmlrY64p,https://www.youtube.com/results?search_query=Maxwell's%20Urban%20Hang%20Suite%20-%20Maxwell,https://music.apple.com/album/308873887,Pop|Funk|Soul
Odelay,Beck,1996,spotify:album:3PpTsdpZmaLUh6RvViu9G7,https://www.youtube.com/results?search_query=Odelay%20-%20Beck,https://music.apple.com/album/1510827144,Rock|Folk
Being There,Wilco,1996,spotify:album:4gy64TkuOWP2Uuu1DuDeZK,https://www.youtube.com/results?search_query=Being%20There%20-%20Wilco,https://music.apple.com/album/926196086,Country|Rock
Second Toughest In The Infants,Underworld,1996,spotify:album:29sIzkm9hHSRbTMXDofE1p,https://www.youtube.com/results?search_query=Second%20Toughest%20In%20The%20Infants%20-%20Underworld,https://music.apple.com/album/1443227490,Electronica
Walking Wounded,Everything But The Girl,1996,spotify:album:459tNoDnuv0bL9ue9pENVz,https://www.youtube.com/results?search_query=Walking%20Wounded%20-%20Everything%20But%20The%20Girl,https://music.apple.com/album/1308247426,Rock|Electronica|Pop
Tigermilk,Belle & Sebastian,1996,spotify:album:5wqa3AIalAtzA7X9HIuAer,https://www.youtube.com/results?search_query=Tigermilk%20-%20Belle%20&%20Sebastian,https://music.apple.com/album/1589192189,Rock|Pop
If You're Feeling Sinister,Belle & Sebastian,1996,spotify:album:4usPTyIIgnAZ9eiItfEYSK,https://www.youtube.com/results?search_query=If%20You're%20Feeling%20Sinister%20-%20Belle%20&%20Sebastian,https://music.apple.com/album/1589190376,Rock|Pop
Fuzzy Logic,Super Furry Animals,1996,spotify:album:6muSL4nbb1NJFK2zLgmJWo,https://www.youtube.com/results?search_query=Fuzzy%20Logic%20-%20Super%20Furry%20Animals,https://music.apple.com/album/1626519602,Rock
Now I Got Worry,The Jon Spencer Blues Explosion,1996,spotify:album:5rMkR5qNON8Eqj94hXK3vQ,https://www.youtube.com/results?search_query=Now%20I%20Got%20Worry%20-%20The%20Jon%20Spencer%20Blues%20Explosion,https://music.apple.com/album/1100060926,Rock|Punk
Millions Now Living Will Never Die,Tortoise,1996,spotify:album:5yvjiLsbi25u0PjdpqQM2S,https://www.youtube.com/results?search_query=Millions%20Now%20Living%20Will%20Never%20Die%20-%20Tortoise,https://music.apple.com/album/308750184,Rock
Endtroducing.....,DJ Shadow,1996,spotify:album:7N0W5QxnRMP3s1mMxfQo1p,https://www.youtube.com/results?search_query=Endtroducing.....%20-%20DJ%20Shadow,https://music.apple.com/album/1448896560,Hip Hop|Electronica
The Score,Fugees,1996,spotify:album:7m1r9h3wfPRm3Iv8uvq9vQ,https://www.youtube.com/results?search_query=The%20Score%20-%20Fugees,https://music.apple.com/album/281701670,Hip Hop
Oedipus Schmoedipus,Barry Adamson,1996,spotify:album:6mCuFwJ9yOf6XJOB9hMvnB,https://www.youtube.com/results?search_query=Oedipus%20Schmoedipus%20-%20Barry%20Adamson,https://music.apple.com/album/824696884,Rock|Electronica
Dr. Octagonecologyst,Dr. Octagon,1996,spotify:album:23DJ3KNE5JXi61G31T2Kni,https://www.youtube.com/results?search_query=Dr.%20Octagonecologyst%20-%20Dr.%20Octagon,https://music.apple.com/album/1440770693,Hip Hop
Murder Ballads,Nick Cave & The Bad Seeds,1996,spotify:album:7rShDcOhzRIRNAowXWCxbA,https://www.youtube.com/results?search_query=Murder%20Ballads%20-%20Nick%20Cave%20&%20The%20Bad%20Seeds,https://music.apple.com/album/1144234064,Rock
Logical Progression,LTJ Bukem,1996,spotify:album:6QDLJorX8HQ2ogxZUCvtd1,https://www.youtube.com/results?search_query=Logical%20Progression%20-%20LTJ%20Bukem,https://music.apple.com/album/595799814,Electronica
Either Or,Elliott Smith,1997,spotify:album:05ceWTY5vsofz9eOzzPzJV,https://www.youtube.com/results?search_query=Either%20Or%20-%20Elliott%20Smith,https://music.apple.com/album/313302066,Rock
Roots,Sepultura,1996,spotify:album:5JjnPCfpp6redrkKpXZAs8,https://www.youtube.com/results?search_query=Roots%20-%20Sepultura,https://music.apple.com/album/1299151419,Metal
Dust,Screaming Trees,1996,spotify:album:0YW9Qke0AfzNVISsPQ7KoF,https://www.youtube.com/results?search_query=Dust%20-%20Screaming%20Trees,https://music.apple.com/album/168383708,Rock
Let's Get Killed,David Holmes,1997,spotify:album:0HEoXFTgPHGvczXdz9Ty5S,https://www.youtube.com/results?search_query=Let's%20Get%20Killed%20-%20David%20Holmes,https://music.apple.com/album/1444046403,Electronica
Vanishing Point,Primal Scream,1997,spotify:album:1MCmkNa0UxhulmHkGBqw1n,https://www.youtube.com/results?search_query=Vanishing%20Point%20-%20Primal%20Scream,https://music.apple.com/album/358134261,Rock|Electronica
Dig Your Own Hole,The Chemical Brothers,1997,spotify:album:2DYl4Z5qrQrQvEbMj4Alle,https://www.youtube.com/results?search_query=Dig%20Your%20Own%20Hole%20-%20The%20Chemical%20Brothers,https://music.apple.com/album/714366008,Electronica
Time Out Of Mind,Bob Dylan,1997,spotify:album:185DHT5SvszXRrezx3lOjt,https://www.youtube.com/results?search_query=Time%20Out%20Of%20Mind%20-%20Bob%20Dylan,https://music.apple.com/album/190392344,Rock|Folk
Blur,Blur,1997,spotify:album:3VyHgnHE4cp7YuU7skzuJ2,https://www.youtube.com/results?search_query=Blur%20-%20Blur,https://music.apple.com/album/726416050,Rock
Buena Vista Social Club,Buena Vista Social Club,1997,spotify:album:2Upqk0mMh9OMIVSj9F8Xzw,https://www.youtube.com/results?search_query=Buena%20Vista%20Social%20Club%20-%20Buena%20Vista%20Social%20Club,https://music.apple.com/album/1467829048,Jazz|World|Latin
OK Computer,Radiohead,1997,spotify:album:2fGCAYUMssLKiUAoNdxGLx,https://www.youtube.com/results?search_query=OK%20Computer%20-%20Radiohead,https://music.apple.com/album/1097861387,Rock
A Short Album About Love,The Divine Comedy,1997,spotify:album:2mphJIKasQffdN66vEKGJD,https://www.youtube.com/results?search_query=A%20Short%20Album%20About%20Love%20-%20The%20Divine%20Comedy,https://music.apple.com/album/163953681,Pop|Rock
New Forms,Roni Size,1997,spotify:album:2wa0kOg4mJ94Iw17Gcv4IL,https://www.youtube.com/results?search_query=New%20Forms%20-%20Roni%20Size,https://music.apple.com/album/1452841849,Electronica
Life Thru A Lens,Robbie Williams,1997,spotify:album:31Sx9uz9KqlvmX07Pvp0wN,https://www.youtube.com/results?search_query=Life%20Thru%20A%20Lens%20-%20Robbie%20Williams,https://music.apple.com/album/727505795,Pop|Rock
Urban Hymns,The Verve,1997,spotify:album:52AeC4gwbxDfFlLHgK1ByD,https://www.youtube.com/results?search_query=Urban%20Hymns%20-%20The%20Verve,https://music.apple.com/album/1443258184,Rock
Ladies And Gentlemen We Are Floating In Space,Spiritualized,1997,spotify:album:56YzQ0dhmRMDryZsrjdHun,https://www.youtube.com/results?search_query=Ladies%20And%20Gentlemen%20We%20Are%20Floating%20In%20Space%20-%20Spiritualized,https://music.apple.com/album/1502476612,Rock
Dig Me Out,Sleater-Kinney,1997,spotify:album:5WwTUr1kf45gsJ1ZUGGwuL,https://www.youtube.com/results?search_query=Dig%20Me%20Out%20-%20Sleater-Kinney,https://music.apple.com/album/906136610,Rock|Punk
The Fat Of The Land,The Prodigy,1997,spotify:album:4FHd783Gm1k8Fj2JWS34eb,https://www.youtube.com/results?search_query=The%20Fat%20Of%20The%20Land%20-%20The%20Prodigy,https://music.apple.com/album/500162127,Electronica
Tellin’ Stories,The Charlatans,1997,spotify:album:5Z1qbz6SLdQnWiVMEJ5MNK,https://www.youtube.com/results?search_query=Tellin%E2%80%99%20Stories%20-%20The%20Charlatans,https://music.apple.com/album/1537157284,Rock
The Boatman's Call,Nick Cave & The Bad Seeds,1997,spotify:album:4ij84pOJd9kY2uNdT2dOH1,https://www.youtube.com/results?search_query=The%20Boatman's%20Call%20-%20Nick%20Cave%20&%20The%20Bad%20Seeds,https://music.apple.com/album/1143223999,Rock
When I Was Born For The 7th Time,Cornershop,1997,spotify:album:6WGsZo2Fqa4BfCG1Ml2JDp,https://www.youtube.com/results?search_query=When%20I%20Was%20Born%20For%20The%207th%20Time%20-%20Cornershop,https://music.apple.com/album/358135449,Pop|Rock
In It For The Money,Supergrass,1997,spotify:album:67qnhGyaN6Z0PYJMEePzjW,https://www.youtube.com/results?search_query=In%20It%20For%20The%20Money%20-%20Supergrass,https://music.apple.com/album/1448732253,Rock
Supa Dupa Fly,Missy Elliott,1997,spotify:album:6UkdyvPElK6JDkyeRClbI2,https://www.youtube.com/results?search_query=Supa%20Dupa%20Fly%20-%20Missy%20Elliott,https://music.apple.com/album/302943429,Hip Hop
Butterfly,Mariah Carey,1997,spotify:album:7aDBFWp72Pz4NZEtVBANi9,https://www.youtube.com/results?search_query=Butterfly%20-%20Mariah%20Carey,https://music.apple.com/album/192812283,Pop
Homework,Daft Punk,1997,spotify:album:5uRdvUR7xCnHmUW8n64n9y,https://www.youtube.com/results?search_query=Homework%20-%20Daft%20Punk,https://music.apple.com/album/696884422,Electronica
Maverick A Strike,Finley Quaye,1997,spotify:album:7wvOewuyOTcqyE5Xog0dp8,https://www.youtube.com/results?search_query=Maverick%20A%20Strike%20-%20Finley%20Quaye,https://music.apple.com/album/1540699124,Reggae
...The Dandy Warhols Come Down,The Dandy Warhols,1997,spotify:album:1cYRtXjzkEueYaYTU8R2EX,https://www.youtube.com/results?search_query=...The%20Dandy%20Warhols%20Come%20Down%20-%20The%20Dandy%20Warhols,https://music.apple.com/album/1443546802,Rock
Shleep,Robert Wyatt,1997,spotify:album:4n1Hiv9lcniYCehH4KU5F0,https://www.youtube.com/results?search_query=Shleep%20-%20Robert%20Wyatt,https://music.apple.com/album/293646984,Rock
Celebrity Skin,Hole,1998,spotify:album:0ZIlM7A6pZyNhfohaWjauj,https://www.youtube.com/results?search_query=Celebrity%20Skin%20-%20Hole,https://music.apple.com/album/1440905650,Rock
Clandestino,Manu Chao,1998,spotify:album:1pbv5B5KgzK25qbMSxomr0,https://www.youtube.com/results?search_query=Clandestino%20-%20Manu%20Chao,https://music.apple.com/album/725493481,World|Latin
White Ladder,David Gray,1998,spotify:album:0rK8K0z9sYhEhCW51v9jrp,https://www.youtube.com/results?search_query=White%20Ladder%20-%20David%20Gray,https://music.apple.com/album/889031179,Pop|Rock
Music Has The Right To Children,Boards of Canada,1998,spotify:album:1vWnB0hYmluskQuzxwo25a,https://www.youtube.com/results?search_query=Music%20Has%20The%20Right%20To%20Children%20-%20Boards%20of%20Canada,https://music.apple.com/album/281116024,Electronica
The Miseducation of Lauryn Hill,Lauryn Hill,1998,spotify:album:2Uc0HAF0Cj0LAgyzYZX5e3,https://www.youtube.com/results?search_query=The%20Miseducation%20of%20Lauryn%20Hill%20-%20Lauryn%20Hill,https://music.apple.com/album/1276760743,Hip Hop|Soul
Apocalypse Dudes,Turbonegro,1998,spotify:album:381xR5GvpBZPVTUm7JQ1x6,https://www.youtube.com/results?search_query=Apocalypse%20Dudes%20-%20Turbonegro,https://music.apple.com/album/1444022787,Punk|Rock
Car Wheels On A Gravel Road,Lucinda Williams,1998,spotify:album:3iC6dJobZulVXp0F4Bojig,https://www.youtube.com/results?search_query=Car%20Wheels%20On%20A%20Gravel%20Road%20-%20Lucinda%20Williams,https://music.apple.com/album/1440915686,Country|Folk
Live 1966 (The Royal Albert Hall Concert),Bob Dylan,1998,spotify:album:2dAxS22qLNJsj2QbmYCr1V,https://www.youtube.com/results?search_query=Live%201966%20(The%20Royal%20Albert%20Hall%20Concert)%20-%20Bob%20Dylan,https://music.apple.com/album/157433155,Rock|Folk
This Is Hardcore,Pulp,1998,spotify:album:584MvULYtvb8BYMFTLjcBt,https://www.youtube.com/results?search_query=This%20Is%20Hardcore%20-%20Pulp,https://music.apple.com/album/1452855037,Rock
System Of A Down,System Of A Down,1998,spotify:album:3sSfjX4fhZonjyZ10x0l0f,https://www.youtube.com/results?search_query=System%20Of%20A%20Down%20-%20System%20Of%20A%20Down,https://music.apple.com/album/205999137,Metal|Rock
You've Come a Long Way Baby,Fatboy Slim,1998,spotify:album:2ELLu16F9TTREQuU4OuAnN,https://www.youtube.com/results?search_query=You've%20Come%20a%20Long%20Way%20Baby%20-%20Fatboy%20Slim,https://music.apple.com/album/714916269,Electronica
Follow The Leader,Korn,1998,spotify:album:0gsiszk6JWYwAyGvaTTud4,https://www.youtube.com/results?search_query=Follow%20The%20Leader%20-%20Korn,https://music.apple.com/album/1165630592,Metal
Moon Safari,Air,1998,spotify:album:5dmYtZVJ1bG9RyrZBRrkOA,https://www.youtube.com/results?search_query=Moon%20Safari%20-%20Air,https://music.apple.com/album/693063670,Pop|Electronica
Deserter's Songs,Mercury Rev,1998,spotify:album:7djamhNmvVLPDg9FbO149d,https://www.youtube.com/results?search_query=Deserter's%20Songs%20-%20Mercury%20Rev,https://music.apple.com/album/1523531674,Rock|Pop
Ray Of Light,Madonna,1998,spotify:album:6cuNyrSmRjBeekioLdLkvI,https://www.youtube.com/results?search_query=Ray%20Of%20Light%20-%20Madonna,https://music.apple.com/album/952887,Pop|Electronica
Mermaid Avenue,Billy Bragg,1998,spotify:album:0yTmT1i6yHb5EVyJOmIwGw,https://www.youtube.com/results?search_query=Mermaid%20Avenue%20-%20Billy%20Bragg,https://music.apple.com/album/515813731,Rock|Folk
Devil Without A Cause,Kid Rock,1998,spotify:album:7nFlAxnXMrQRpM1R80pKQm,https://www.youtube.com/results?search_query=Devil%20Without%20A%20Cause%20-%20Kid%20Rock,https://music.apple.com/album/586705426,Metal|Rock
Queens of the Stone Age,Queens Of The Stone Age,1998,spotify:album:4ZVYZI1wY4TmLOQ3as1UNI,https://www.youtube.com/results?search_query=Queens%20of%20the%20Stone%20Age%20-%20Queens%20Of%20The%20Stone%20Age,https://music.apple.com/album/1589229082,Rock
OK,Talvin Singh,1998,spotify:album:3BX2BQbQhcjoEP79UsQOAK,https://www.youtube.com/results?search_query=OK%20-%20Talvin%20Singh,https://music.apple.com/album/1442922591,Electronica
The Slim Shady LP,Eminem,1999,spotify:album:0JnN0ZgNrYxz3Gk725HiAd,https://www.youtube.com/results?search_query=The%20Slim%20Shady%20LP%20-%20Eminem,https://music.apple.com/album/1453196979,Hip Hop
Beyond Skin,Nitin Sawhney,1999,spotify:album:1IRzjAaf0c93kLKZQqfEH0,https://www.youtube.com/results?search_query=Beyond%20Skin%20-%20Nitin%20Sawhney,https://music.apple.com/album/1275032585,Electronica|Jazz
The Soft Bulletin,The Flaming Lips,1999,spotify:album:0Gpcuci4CMpKHvZPM34KWg,https://www.youtube.com/results?search_query=The%20Soft%20Bulletin%20-%20The%20Flaming%20Lips,https://music.apple.com/album/1247942375,Rock|Pop
Hms Fable,Shack,1999,spotify:album:12kGm2wnSr2jX0q2SxT7mI,https://www.youtube.com/results?search_query=Hms%20Fable%20-%20Shack,https://music.apple.com/album/1319972213,Pop|Rock
Darkdancer,Les Rythmes Digitales,1999,spotify:album:244zFqV0oJvOTaC714IVvc,https://www.youtube.com/results?search_query=Darkdancer%20-%20Les%20Rythmes%20Digitales,https://music.apple.com/album/714611581,Electronica
The Man Who,Travis,1999,spotify:album:2TSFFHkzdUwNzsf8DKemzS,https://www.youtube.com/results?search_query=The%20Man%20Who%20-%20Travis,https://music.apple.com/album/1458138725,Pop|Rock
Slipknot,Slipknot,1999,spotify:album:2dL9Q5AtIv4Rw1L6lKcIUc,https://www.youtube.com/results?search_query=Slipknot%20-%20Slipknot,https://music.apple.com/album/927731469,Metal
Californication,Red Hot Chili Peppers,1999,spotify:album:2Y9IRtehByVkegoD7TcLfi,https://www.youtube.com/results?search_query=Californication%20-%20Red%20Hot%20Chili%20Peppers,https://music.apple.com/album/945575406,Rock
Le Tigre,Le Tigre,1999,spotify:album:3N4rp7pLbDlWo2EvtONFMG,https://www.youtube.com/results?search_query=Le%20Tigre%20-%20Le%20Tigre,https://music.apple.com/album/1585119052,Rock|Punk|Electronica
Make Yourself,Incubus,1999,spotify:album:2i6nd4FV6y7K9fln6eelmR,https://www.youtube.com/results?search_query=Make%20Yourself%20-%20Incubus,https://music.apple.com/album/187454164,Metal|Rock
Central Reservation,Beth Orton,1999,spotify:album:3yIFysHpeQKb1dAuHQICVW,https://www.youtube.com/results?search_query=Central%20Reservation%20-%20Beth%20Orton,https://music.apple.com/album/298558046,Folk|Pop
Play,Moby,1999,spotify:album:1xB1tmm50ZhXwrNs89u7Jx,https://www.youtube.com/results?search_query=Play%20-%20Moby,https://music.apple.com/album/281242279,Electronica
The Contino Sessions,Death In Vegas,1999,spotify:album:4qUKzyXuy3GSzQD5RTJLdq,https://www.youtube.com/results?search_query=The%20Contino%20Sessions%20-%20Death%20In%20Vegas,https://music.apple.com/album/1187873917,Electronica|Rock
69 Love Songs,The Magnetic Fields,1999,spotify:album:2js3lkzAjWpD656NK7ZaJX,https://www.youtube.com/results?search_query=69%20Love%20Songs%20-%20The%20Magnetic%20Fields,https://music.apple.com/album/15224879,Pop|Rock
Remedy,Basement Jaxx,1999,spotify:album:6G9fHYDCoyEErUkHrFYfs4,https://www.youtube.com/results?search_query=Remedy%20-%20Basement%20Jaxx,https://music.apple.com/album/1540691197,Electronica
Kenza,Khaled,1999,spotify:album:7LDCjIEBt6XRKswMZhwDI2,https://www.youtube.com/results?search_query=Kenza%20-%20Khaled,https://music.apple.com/album/1443897119,Pop|World
Ágætis Byrjun,Sigur Rós,1999,spotify:album:7LKQtdC6uWxqLzSbDonFij,https://www.youtube.com/results?search_query=%C3%81g%C3%A6tis%20Byrjun%20-%20Sigur%20R%C3%B3s,https://music.apple.com/album/1447442814,Rock
S&M,Metallica,1999,spotify:album:7HcHPb1P9mubh0vyDdawAv,https://www.youtube.com/results?search_query=S&M%20-%20Metallica,https://music.apple.com/album/579377398,Metal
São Paulo Confessions,Suba,1999,spotify:album:4wPGlXWNORFO71rrdQGpE1,https://www.youtube.com/results?search_query=S%C3%A3o%20Paulo%20Confessions%20-%20Suba,https://music.apple.com/album/275260843,Electronica
I See A Darkness,"Bonnie ""Prince"" Billy",1999,spotify:album:6jWSJeNdNX2pTZDWVnOzC9,https://www.youtube.com/results?search_query=I%20See%20A%20Darkness%20-%20Bonnie%20%22Prince%22%20Billy,https://music.apple.com/album/280377293,Folk|Rock
Post Orgasmic Chill,Skunk Anansie,1999,spotify:album:4WznTvC9d1Oino7gLS8XHq,https://www.youtube.com/results?search_query=Post%20Orgasmic%20Chill%20-%20Skunk%20Anansie,https://music.apple.com/album/1235075017,Metal|Rock
...Baby One More Time,Britney Spears,1999,spotify:album:3WNxdumkSMGMJRhEgK80qx,https://www.youtube.com/results?search_query=...Baby%20One%20More%20Time%20-%20Britney%20Spears,https://music.apple.com/album/268284599,Pop
Apple Venus Volume 1,XTC,1999,spotify:album:0BOGd3GkLblP0N9koqXtmd,https://www.youtube.com/results?search_query=Apple%20Venus%20Volume%201%20-%20XTC,https://music.apple.com/album/506023878,Rock|Pop
"Stories From The City, Stories From The Sea",PJ Harvey,2000,spotify:album:0cJAiqO1obIJQGf4YI31q4,"https://www.youtube.com/results?search_query=Stories%20From%20The%20City,%20Stories%20From%20The%20Sea%20-%20PJ%20Harvey",https://music.apple.com/album/1440922247,Rock
Figure 8,Elliott Smith,2000,spotify:album:1zcOyLZRT2TyxReQ55AEbM,https://www.youtube.com/results?search_query=Figure%208%20-%20Elliott%20Smith,https://music.apple.com/album/1440745328,Rock
Like Water For Chocolate,Common,2000,spotify:album:3AFWrzAxdy9cX4fgc7TSBF,https://www.youtube.com/results?search_query=Like%20Water%20For%20Chocolate%20-%20Common,https://music.apple.com/album/1440720260,Hip Hop|Soul
Tanto Tempo,Bebel Gilberto,2000,spotify:album:4HVc4yoKzUdtHvZ8zGGHe4,https://www.youtube.com/results?search_query=Tanto%20Tempo%20-%20Bebel%20Gilberto,https://music.apple.com/album/275982175,Latin|Jazz
Punishing Kiss,Ute Lemper,2000,spotify:album:3lAVvZxCFj5GZadoXB0g2u,https://www.youtube.com/results?search_query=Punishing%20Kiss%20-%20Ute%20Lemper,https://music.apple.com/album/1452802648,Pop
Stankonia,OutKast,2000,spotify:album:2tm3Ht61kqqRZtIYsBjxEj,https://www.youtube.com/results?search_query=Stankonia%20-%20OutKast,https://music.apple.com/album/255836651,Hip Hop
Our Aim Is To Satisfy,Red Snapper,2000,spotify:album:6W2Dg4Zf1clDeStniHimq1,https://www.youtube.com/results?search_query=Our%20Aim%20Is%20To%20Satisfy%20-%20Red%20Snapper,https://music.apple.com/album/279889278,Electronica
Mama's Gun,Erykah Badu,2000,spotify:album:4z7ma1ujO4FDL1l2YBGw7b,https://www.youtube.com/results?search_query=Mama's%20Gun%20-%20Erykah%20Badu,https://music.apple.com/album/1440755899,Hip Hop|Soul
Parachutes,Coldplay,2000,spotify:album:6ZG5lRT77aJ3btmArcykra,https://www.youtube.com/results?search_query=Parachutes%20-%20Coldplay,https://music.apple.com/album/1122782080,Pop|Rock
Virgin Suicides,Air,2000,spotify:album:6pJSkIvinycPLXlH8BG8lS,https://www.youtube.com/results?search_query=Virgin%20Suicides%20-%20Air,https://music.apple.com/album/1467236029,Pop|Electronica|Rock
Felt Mountain,Goldfrapp,2000,spotify:album:7Ce9F1Eof9r7u9tr702H5C,https://www.youtube.com/results?search_query=Felt%20Mountain%20-%20Goldfrapp,https://music.apple.com/album/1143696168,Electronica|Pop
The Marshall Mathers LP,Eminem,2000,spotify:album:5xifZlByZcZecgkP7sYSoW,https://www.youtube.com/results?search_query=The%20Marshall%20Mathers%20LP%20-%20Eminem,https://music.apple.com/album/1440866782,Hip Hop
All That You Can't Leave Behind,U2,2000,spotify:album:7a5U0GPoAvT3gvEY66FRuN,https://www.youtube.com/results?search_query=All%20That%20You%20Can't%20Leave%20Behind%20-%20U2,https://music.apple.com/album/1443100430,Rock
Heartbreaker,Ryan Adams,2000,spotify:album:7hmZCaBzp6mVrelxW6Ckrn,https://www.youtube.com/results?search_query=Heartbreaker%20-%20Ryan%20Adams,https://music.apple.com/album/593627968,Country|Folk|Rock
Kid A,Radiohead,2000,spotify:album:6J6nlVu4JMveJz0YM9zDgL,https://www.youtube.com/results?search_query=Kid%20A%20-%20Radiohead,https://music.apple.com/album/1097862870,Rock
Since I Left You,The Avalanches,2000,spotify:album:7j4m8OUy87xQsuIVJQxF3J,https://www.youtube.com/results?search_query=Since%20I%20Left%20You%20-%20The%20Avalanches,https://music.apple.com/album/1440847381,Rock|Electronica
Sincere,Mj Cole,2000,spotify:album:6TrlS4jRRt83HYjUKHcNMd,https://www.youtube.com/results?search_query=Sincere%20-%20Mj%20Cole,https://music.apple.com/album/1440230518,Electronica
The Hour Of Bewilderbeast,Badly Drawn Boy,2000,spotify:album:7qdi1B4jqHEA5NvV34haRP,https://www.youtube.com/results?search_query=The%20Hour%20Of%20Bewilderbeast%20-%20Badly%20Drawn%20Boy,https://music.apple.com/album/1540689690,Pop|Rock|Electronica
Nixon,Lambchop,2000,spotify:album:1JgEmaIjznPkIEnzd4pxou,https://www.youtube.com/results?search_query=Nixon%20-%20Lambchop,https://music.apple.com/album/804248875,Country|Pop|Rock
Red Dirt Girl,Emmylou Harris,2000,spotify:album:5C7B6Wi35TyMOQVtt2eRAV,https://www.youtube.com/results?search_query=Red%20Dirt%20Girl%20-%20Emmylou%20Harris,https://music.apple.com/album/144074290372787298,Country|Folk
Welcome to the Afterfuture,Mike Ladd,2000,spotify:album:5nPuqrpMaiplzOMIo79PQw,https://www.youtube.com/results?search_query=Welcome%20to%20the%20Afterfuture%20-%20Mike%20Ladd,https://music.apple.com/album/1400922726,Hip Hop|Electronica
Hybrid Theory,Linkin Park,2000,spotify:album:6PFPjumGRpZnBzqnDci6qJ,https://www.youtube.com/results?search_query=Hybrid%20Theory%20-%20Linkin%20Park,https://music.apple.com/album/528436018,Rock
Chocolate Starfish And The Hot Dog Flavored Water,Limp Bizkit,2000,spotify:album:5mi7FKaWE5CtcOjdyxScA7,https://www.youtube.com/results?search_query=Chocolate%20Starfish%20And%20The%20Hot%20Dog%20Flavored%20Water%20-%20Limp%20Bizkit,https://music.apple.com/album/1440842682,Rock
Music,Madonna,2000,spotify:album:1V342k6sinWc4y4R2iReOu,https://www.youtube.com/results?search_query=Music%20-%20Madonna,https://music.apple.com/album/80815197,Pop|Electronica
Lost Souls,Doves,2000,spotify:album:33nyNThvBKPzS4NGdnWACf,https://www.youtube.com/results?search_query=Lost%20Souls%20-%20Doves,https://music.apple.com/album/724350250,Rock
Chore of Enchantment,Giant Sand,2000,spotify:album:6IeqtN9QwL5LUyQw1hlzMu,https://www.youtube.com/results?search_query=Chore%20of%20Enchantment%20-%20Giant%20Sand,https://music.apple.com/album/1668346488,Rock
Yankee Hotel Foxtrot,Wilco,2001,spotify:album:0rPtXOMN42nsLDiShvGamv,https://www.youtube.com/results?search_query=Yankee%20Hotel%20Foxtrot%20-%20Wilco,https://music.apple.com/album/912314323,Rock
Vespertine,Björk,2001,spotify:album:1emkiMRnLWtWfmCcJapjR1,https://www.youtube.com/results?search_query=Vespertine%20-%20Bj%C3%B6rk,https://music.apple.com/album/20920260,Pop|Electronica
The Blueprint,JAY Z,2001,spotify:album:69CmkikTHkGKdkrUZTtyWl,https://www.youtube.com/results?search_query=The%20Blueprint%20-%20JAY%20Z,https://music.apple.com/album/1440935272,Hip Hop
Southern Rock Opera,Drive-By Truckers,2001,spotify:album:2hR5HQzHdxgAiAjyvGqSI3,https://www.youtube.com/results?search_query=Southern%20Rock%20Opera%20-%20Drive-By%20Truckers,https://music.apple.com/album/1452800570,Country|Rock
Is This It,The Strokes,2001,spotify:album:3EeZu1PTUY341mnNEiyiYl,https://www.youtube.com/results?search_query=Is%20This%20It%20-%20The%20Strokes,https://music.apple.com/album/266376953,Rock
La Revancha Del Tango,Gotan Project,2001,spotify:album:4j0BDfrtgQeMLA4RaSCch4,https://www.youtube.com/results?search_query=La%20Revancha%20Del%20Tango%20-%20Gotan%20Project,https://music.apple.com/album/320731225,Electronica|Jazz|World|Latin
Gold,Ryan Adams,2001,spotify:album:7rIwXFX7SXc8FVBMUnRIvJ,https://www.youtube.com/results?search_query=Gold%20-%20Ryan%20Adams,https://music.apple.com/album/1442452272,Country|Rock
Rings Around The World,Super Furry Animals,2001,spotify:album:6g6WBTqT5gE4fAcwRljpjc,https://www.youtube.com/results?search_query=Rings%20Around%20The%20World%20-%20Super%20Furry%20Animals,https://music.apple.com/album/207054203,Rock
White Blood Cells,The White Stripes,2001,spotify:album:7rIhZOxiuEieQylkZt50TN,https://www.youtube.com/results?search_query=White%20Blood%20Cells%20-%20The%20White%20Stripes,https://music.apple.com/album/1533513361,Rock
Time (The Revelator),Gillian Welch,2001,spotify:album:5q1V1otgRVF39cZY2RQab8,https://www.youtube.com/results?search_query=Time%20(The%20Revelator)%20-%20Gillian%20Welch,https://music.apple.com/album/79765126,Country
Melody A.M.,Röyksopp,2001,spotify:album:4WOZU9evfEO7eI6ICsoGN0,https://www.youtube.com/results?search_query=Melody%20A.M.%20-%20R%C3%B6yksopp,https://music.apple.com/album/696731658,Electronica
Your New Favourite Band,The Hives,2001,spotify:album:1jJiFQfBwu3Ifz8RuPdk0A,https://www.youtube.com/results?search_query=Your%20New%20Favourite%20Band%20-%20The%20Hives,https://music.apple.com/album/17588932,Rock|Punk
Bright Flight,Silver Jews,2001,spotify:album:3nyA5CLiEDw7jWJ8W4Vu4J,https://www.youtube.com/results?search_query=Bright%20Flight%20-%20Silver%20Jews,https://music.apple.com/album/57998623,Rock
Gorillaz,Gorillaz,2001,spotify:album:4tUxQkrduOE8sfgwJ5BI2F,https://www.youtube.com/results?search_query=Gorillaz%20-%20Gorillaz,https://music.apple.com/album/850576570,Rock
Amnesiac,Radiohead,2001,spotify:album:1HrMmB5useeZ0F5lHrMvl0,https://www.youtube.com/results?search_query=Amnesiac%20-%20Radiohead,https://music.apple.com/album/1097864180,Rock
Survivor,Destiny's Child,2001,spotify:album:2HcjLD0ButtKsQYqzoyOx9,https://www.youtube.com/results?search_query=Survivor%20-%20Destiny's%20Child,https://music.apple.com/album/1301493743,Pop
Hot Shots II,The Beta Band,2001,spotify:album:5ElnMKBlg21XKlqAynLH9x,https://www.youtube.com/results?search_query=Hot%20Shots%20II%20-%20The%20Beta%20Band,https://music.apple.com/album/1339241338,Rock|Electronica
Power In Numbers,Jurassic 5,2002,spotify:album:0f0nGqpgiu4z6wg0Mrcs8L,https://www.youtube.com/results?search_query=Power%20In%20Numbers%20-%20Jurassic%205,https://music.apple.com/album/1440902117,Hip Hop
A Rush Of Blood To The Head,Coldplay,2002,spotify:album:0RHX9XECH8IVI3LNgWDpmQ,https://www.youtube.com/results?search_query=A%20Rush%20Of%20Blood%20To%20The%20Head%20-%20Coldplay,https://music.apple.com/album/1122775993,Pop|Rock
American IV: The Man Comes Around,Johnny Cash,2002,spotify:album:17k01Y7uKSVOrnyEZPOqKR,https://www.youtube.com/results?search_query=American%20IV:%20The%20Man%20Comes%20Around%20-%20Johnny%20Cash,https://music.apple.com/album/1440811207,Country
Come Away With Me,Norah Jones,2002,spotify:album:1JvoMzqg04nC29gam4Qaiq,https://www.youtube.com/results?search_query=Come%20Away%20With%20Me%20-%20Norah%20Jones,https://music.apple.com/album/1471082258,Jazz|Pop
The Rising,Bruce Springsteen,2002,spotify:album:23vzCh5cDn0LzdGmGWrT1d,https://www.youtube.com/results?search_query=The%20Rising%20-%20Bruce%20Springsteen,https://music.apple.com/album/192901525,Rock
Phrenology,The Roots,2002,spotify:album:2wOWfpfLWKlMQDsyM5UqqE,https://www.youtube.com/results?search_query=Phrenology%20-%20The%20Roots,https://music.apple.com/album/1440794598,Hip Hop
Yoshimi Battles The Pink Robots,The Flaming Lips,2002,spotify:album:49LA20VMk65fQyEaIzYdvf,https://www.youtube.com/results?search_query=Yoshimi%20Battles%20The%20Pink%20Robots%20-%20The%20Flaming%20Lips,https://music.apple.com/album/1189403816,Rock|Pop
The Coral,The Coral,2002,spotify:album:5XXzOIV2ZKw9GBALNoQoRr,https://www.youtube.com/results?search_query=The%20Coral%20-%20The%20Coral,https://music.apple.com/album/356999046,Pop|Rock
The Last Broadcast,Doves,2002,spotify:album:4HihJAJjF6hSVoh318zLu9,https://www.youtube.com/results?search_query=The%20Last%20Broadcast%20-%20Doves,https://music.apple.com/album/724582643,Rock
Under Construction,Missy Elliott,2002,spotify:album:6DeU398qrJ1bLuryetSmup,https://www.youtube.com/results?search_query=Under%20Construction%20-%20Missy%20Elliott,https://music.apple.com/album/254167732,Hip Hop
Sea Change,Beck,2002,spotify:album:69Wr9DvWfIJRTi5NUGeVTn,https://www.youtube.com/results?search_query=Sea%20Change%20-%20Beck,https://music.apple.com/album/1440733298,Rock|Folk
Stripped,Christina Aguilera,2002,spotify:album:2USigX9DhGuAini71XZEEK,https://www.youtube.com/results?search_query=Stripped%20-%20Christina%20Aguilera,https://music.apple.com/album/279647264,Pop
Highly Evolved,The Vines,2002,spotify:album:14rRGdr4K5UoaEFVw9jqBG,https://www.youtube.com/results?search_query=Highly%20Evolved%20-%20The%20Vines,https://music.apple.com/album/724725293,Rock
Justified,Justin Timberlake,2002,spotify:album:6QPkyl04rXwTGlGlcYaRoW,https://www.youtube.com/results?search_query=Justified%20-%20Justin%20Timberlake,https://music.apple.com/album/252606580,Pop
Sunshine Hit Me,The Bees,2002,spotify:album:6Z7uvJP6k0Vj60nh4z5Cei,https://www.youtube.com/results?search_query=Sunshine%20Hit%20Me%20-%20The%20Bees,https://music.apple.com/album/370552273,Rock
A Little Deeper,Ms. Dynamite,2002,spotify:album:3R6aIbq0UGfht1x0rck5Tn,https://www.youtube.com/results?search_query=A%20Little%20Deeper%20-%20Ms.%20Dynamite,https://music.apple.com/album/1471569145,Hip Hop|Electronica
Elephant,The White Stripes,2003,spotify:album:0rRNLpdA8nA8Sm8Fk490b9,https://www.youtube.com/results?search_query=Elephant%20-%20The%20White%20Stripes,https://music.apple.com/album/1533513536,Rock
Wonderful Rainbow,Lightning Bolt,2003,spotify:album:0cGaQUOlAm0smFXWUB8KIL,https://www.youtube.com/results?search_query=Wonderful%20Rainbow%20-%20Lightning%20Bolt,https://music.apple.com/album/1462800875,Rock
Boy In Da Corner,Dizzee Rascal,2003,spotify:album:16m3S8uDo5ZNLEekcnOSxf,https://www.youtube.com/results?search_query=Boy%20In%20Da%20Corner%20-%20Dizzee%20Rascal,https://music.apple.com/album/465625689,Hip Hop|Electronica
Speakerboxxx/The Love Below,OutKast,2003,spotify:album:1UsmQ3bpJTyK6ygoOOjG1r,https://www.youtube.com/results?search_query=Speakerboxxx/The%20Love%20Below%20-%20OutKast,https://music.apple.com/album/281430653,Hip Hop
Fever To Tell,Yeah Yeah Yeahs,2003,spotify:album:4DEZVbAxlZPRXWCHUV5wF3,https://www.youtube.com/results?search_query=Fever%20To%20Tell%20-%20Yeah%20Yeah%20Yeahs,https://music.apple.com/album/1440916724,Rock|Punk
Deloused in the Comatorium,The Mars Volta,2003,spotify:album:0CA2EVHhRPR5VPV78KZw89,https://www.youtube.com/results?search_query=Deloused%20in%20the%20Comatorium%20-%20The%20Mars%20Volta,https://music.apple.com/album/1440736868,Rock
Get Rich Or Die Tryin',50 Cent,2003,spotify:album:5G5rgQHzdQnw32SI0WjIo5,https://www.youtube.com/results?search_query=Get%20Rich%20Or%20Die%20Tryin'%20-%2050%20Cent,https://music.apple.com/album/1440796266,Hip Hop
Frank,Amy Winehouse,2003,spotify:album:3kGbxqlVl3LqjifxlubtcT,https://www.youtube.com/results?search_query=Frank%20-%20Amy%20Winehouse,https://music.apple.com/album/1440854399,Soul|Jazz|Rock
Permission to Land,The Darkness,2003,spotify:album:6vW9ZDllNv87WHXS3XTjlM,https://www.youtube.com/results?search_query=Permission%20to%20Land%20-%20The%20Darkness,https://music.apple.com/album/2418622,Metal|Rock
Feast of Wire,Calexico,2003,spotify:album:1SohYJmnNVgYDD1KadV5An,https://www.youtube.com/results?search_query=Feast%20of%20Wire%20-%20Calexico,https://music.apple.com/album/14944368,Rock
Hail To the Thief,Radiohead,2003,spotify:album:5mzoI3VH0ZWk1pLFR6RoYy,https://www.youtube.com/results?search_query=Hail%20To%20the%20Thief%20-%20Radiohead,https://music.apple.com/album/1097863576,Rock
Youth And Young Manhood,Kings of Leon,2003,spotify:album:2137zeBGNgOWP4D96q6qxd,https://www.youtube.com/results?search_query=Youth%20And%20Young%20Manhood%20-%20Kings%20of%20Leon,https://music.apple.com/album/1435820262,Rock
Want One,Rufus Wainwright,2003,spotify:album:1DGZ1iMl4iWeiM9l2PLjeD,https://www.youtube.com/results?search_query=Want%20One%20-%20Rufus%20Wainwright,https://music.apple.com/album/1442846753,Pop|Rock
So Much For The City,The Thrills,2003,spotify:album:6eujHHtDKbcwAeliICWShv,https://www.youtube.com/results?search_query=So%20Much%20For%20The%20City%20-%20The%20Thrills,https://music.apple.com/album/714765758,Rock
Funeral,Arcade Fire,2004,spotify:album:0530hyl3GtZKWPebWVMZkK,https://www.youtube.com/results?search_query=Funeral%20-%20Arcade%20Fire,https://music.apple.com/album/1249417623,Rock|Pop
Franz Ferdinand,Franz Ferdinand,2004,spotify:album:03akiuheNt5mJqltALnalP,https://www.youtube.com/results?search_query=Franz%20Ferdinand%20-%20Franz%20Ferdinand,https://music.apple.com/album/201257489,Rock
You Are The Quarry,Morrissey,2004,spotify:album:2fx319btAq5glC9N6tQ8Wr,https://www.youtube.com/results?search_query=You%20Are%20The%20Quarry%20-%20Morrissey,https://music.apple.com/album/1473055324,Rock
Cee-Lo Green... Is The Soul Machine,Cee Lo Green,2004,spotify:album:0wdleLMeNmGUHChsmx9svt,https://www.youtube.com/results?search_query=Cee-Lo%20Green...%20Is%20The%20Soul%20Machine%20-%20Cee%20Lo%20Green,https://music.apple.com/album/304765336,Hip Hop|Soul
A Grand Don't Come For Free,The Streets,2004,spotify:album:365ETCJBUmEWroc4UGBS1u,https://www.youtube.com/results?search_query=A%20Grand%20Don't%20Come%20For%20Free%20-%20The%20Streets,https://music.apple.com/album/30565952,Hip Hop
Want Two,Rufus Wainwright,2004,spotify:album:5Gb3kmmc2SIvlxbTBxzfI8,https://www.youtube.com/results?search_query=Want%20Two%20-%20Rufus%20Wainwright,https://music.apple.com/album/1443733386,Pop|Rock
American Idiot,Green Day,2004,spotify:album:5dN7F9DV0Qg1XRdIgW8rke,https://www.youtube.com/results?search_query=American%20Idiot%20-%20Green%20Day,https://music.apple.com/album/1161539183,Punk|Rock
Destroy Rock & Roll,Mylo,2004,spotify:album:5hEmQDypt7E7hJIQeTo6as,https://www.youtube.com/results?search_query=Destroy%20Rock%20&%20Roll%20-%20Mylo,https://music.apple.com/album/1499881419,Electronica
Penance Soiree,The Icarus Line,2004,spotify:album:63Eji2cNg0vH9sYqxg5iHI,https://www.youtube.com/results?search_query=Penance%20Soiree%20-%20The%20Icarus%20Line,https://music.apple.com/album/1308745441,Rock
The College Dropout,Kanye West,2004,spotify:album:555WoCHGKNICMGGO7o1eTc,https://www.youtube.com/results?search_query=The%20College%20Dropout%20-%20Kanye%20West,https://music.apple.com/album/1437467864,Hip Hop
Rejoicing In The Hands,Devendra Banhart,2004,spotify:album:6OAzWuJqxiCFZ0cvqM9EFh,https://www.youtube.com/results?search_query=Rejoicing%20In%20The%20Hands%20-%20Devendra%20Banhart,https://music.apple.com/album/895630949,Folk|Rock
Smile,Brian Wilson,2004,spotify:album:4Uc6YCjpfyjj02rZfg2EUv,https://www.youtube.com/results?search_query=Smile%20-%20Brian%20Wilson,https://music.apple.com/album/24245496,Pop|Rock
Medúlla,Björk,2004,spotify:album:12n9nyAJ5Q4FHRldrciIPG,https://www.youtube.com/results?search_query=Med%C3%BAlla%20-%20Bj%C3%B6rk,https://music.apple.com/album/21393649,Pop|Electronica
Abattoir Blues / The Lyre of Orpheus,Nick Cave & The Bad Seeds,2004,spotify:album:7pr4eZjcBv6WQ1eeACmo8u,https://www.youtube.com/results?search_query=Abattoir%20Blues%20/%20The%20Lyre%20of%20Orpheus%20-%20Nick%20Cave%20&%20The%20Bad%20Seeds,https://music.apple.com/album/1151571635,Rock
Street Signs,Ozomatli,2004,spotify:album:5pgaVcKREhdQ3OI7ZvP9tv,https://www.youtube.com/results?search_query=Street%20Signs%20-%20Ozomatli,https://music.apple.com/album/1440768611,World|Funk|Hip Hop|Latin
Hot Fuss,The Killers,2004,spotify:album:4piJq7R3gjUOxnYs6lDCTg,https://www.youtube.com/results?search_query=Hot%20Fuss%20-%20The%20Killers,https://music.apple.com/album/1526194184,Rock
The Libertines,The Libertines,2004,spotify:album:026fArxz2P8Vuj8ReXLD6j,https://www.youtube.com/results?search_query=The%20Libertines%20-%20The%20Libertines,https://music.apple.com/album/260737609,Rock
"They Were Wrong, So We Drowned",Liars,2004,spotify:album:4PZ4if3ObQlRuiC4us0L5F,"https://www.youtube.com/results?search_query=They%20Were%20Wrong,%20So%20We%20Drowned%20-%20Liars",https://music.apple.com/album/811300339,Rock
Aha Shake Heartbreak,Kings of Leon,2004,spotify:album:3fNRzhnl6WAtghBXEeyaub,https://www.youtube.com/results?search_query=Aha%20Shake%20Heartbreak%20-%20Kings%20of%20Leon,https://music.apple.com/album/1482424654,Rock
Scissor Sisters,Scissor Sisters,2004,spotify:album:58RP9ZGsr39HptJZLaVvm4,https://www.youtube.com/results?search_query=Scissor%20Sisters%20-%20Scissor%20Sisters,https://music.apple.com/album/1448728848,Rock|Electronica|Pop
Fly Or Die,N.E.R.D,2004,spotify:album:1DDsclE9PANAkXHyNjlDI4,https://www.youtube.com/results?search_query=Fly%20Or%20Die%20-%20N.E.R.D,https://music.apple.com/album/723643660,Hip Hop|Rock
"Desperate Youth, Blood Thirsty Babes",TV On The Radio,2004,spotify:album:3a7OlM2onuyfcI0ldtbBSx,"https://www.youtube.com/results?search_query=Desperate%20Youth,%20Blood%20Thirsty%20Babes%20-%20TV%20On%20The%20Radio",https://music.apple.com/album/1117724434,Rock
Who Killed...... The Zutons?,The Zutons,2004,spotify:album:0EAvEtr7fMd70XgVnKYW0j,https://www.youtube.com/results?search_query=Who%20Killed......%20The%20Zutons?%20-%20The%20Zutons,https://music.apple.com/album/281167110,Rock
Heroes to Zeros,The Beta Band,2004,spotify:album:2VdMOAL684solHzw1XqBnI,https://www.youtube.com/results?search_query=Heroes%20to%20Zeros%20-%20The%20Beta%20Band,https://music.apple.com/album/1339220142,Rock|Electronica
Coles Corner,Richard Hawley,2005,spotify:album:3Gm6V4tzZaYFbnhrvubylJ,https://www.youtube.com/results?search_query=Coles%20Corner%20-%20Richard%20Hawley,https://music.apple.com/album/693722705,Pop|Rock
Be,Common,2005,spotify:album:4oVpqMqd0A1GPW3RkypqXw,https://www.youtube.com/results?search_query=Be%20-%20Common,https://music.apple.com/album/1440726298,Hip Hop|Soul
I Am a Bird Now,Antony and the Johnsons,2005,spotify:album:24Xm5zS2KvwojChzxLGdn9,https://www.youtube.com/results?search_query=I%20Am%20a%20Bird%20Now%20-%20Antony%20and%20the%20Johnsons,https://music.apple.com/album/447870959,Pop|Rock
Guero,Beck,2005,spotify:album:1R0BP6MeMLigDNaoztxUAZ,https://www.youtube.com/results?search_query=Guero%20-%20Beck,https://music.apple.com/album/1440809859,Rock
Illinois,Sufjan Stevens,2005,spotify:album:7j8lfKDdL7vE8OAM4cA3W3,https://www.youtube.com/results?search_query=Illinois%20-%20Sufjan%20Stevens,https://music.apple.com/album/309742278,Pop|Folk|Rock
Arular,M.I.A.,2005,spotify:album:7CzEknt9gJwe0QC89ir1JX,https://www.youtube.com/results?search_query=Arular%20-%20M.I.A.,https://music.apple.com/album/1450124269,Hip Hop|Electronica
Get Behind Me Satan,The White Stripes,2005,spotify:album:3rHeq4F5wnaLBjNtuz7Yvh,https://www.youtube.com/results?search_query=Get%20Behind%20Me%20Satan%20-%20The%20White%20Stripes,https://music.apple.com/album/1533513654,Rock
"Whatever People Say I Am, That's What I'm Not",Arctic Monkeys,2006,spotify:album:2PXlvqTzGBNetlGct7L5e6,"https://www.youtube.com/results?search_query=Whatever%20People%20Say%20I%20Am,%20That's%20What%20I'm%20Not%20-%20Arctic%20Monkeys",https://music.apple.com/album/121522402,Rock
Savane,Ali Farka Touré,2006,spotify:album:2wRg89V78bIRrFzTzaFYEq,https://www.youtube.com/results?search_query=Savane%20-%20Ali%20Farka%20Tour%C3%A9,https://music.apple.com/album/1467796046,Blues|World
Fishscale,Ghostface Killah,2006,spotify:album:4WCU7L1JSvZ8xWDdBo6qMb,https://www.youtube.com/results?search_query=Fishscale%20-%20Ghostface%20Killah,https://music.apple.com/album/1443101203,Hip Hop
Back To Black,Amy Winehouse,2006,spotify:album:6GJCGWfI95aeRsdtVB52vc,https://www.youtube.com/results?search_query=Back%20To%20Black%20-%20Amy%20Winehouse,https://music.apple.com/album/1422677780,Soul
Black Holes and Revelations,Muse,2006,spotify:album:0lw68yx3MhKflWFqCsGkIs,https://www.youtube.com/results?search_query=Black%20Holes%20and%20Revelations%20-%20Muse,https://music.apple.com/album/992221994,Rock
Lupe Fiasco's Food & Liquor,Lupe Fiasco,2006,spotify:album:0TDJRkEr2SrhWTetdkEzED,https://www.youtube.com/results?search_query=Lupe%20Fiasco's%20Food%20&%20Liquor%20-%20Lupe%20Fiasco,https://music.apple.com/album/189225199,Hip Hop
Back to Basics,Christina Aguilera,2006,spotify:album:0zRJsgzHZUUdk8Rjk6Segd,https://www.youtube.com/results?search_query=Back%20to%20Basics%20-%20Christina%20Aguilera,https://music.apple.com/album/402298887,Pop
Ys,Joanna Newsom,2006,spotify:album:4gn6f5jaOO75s0oF7ozqGG,https://www.youtube.com/results?search_query=Ys%20-%20Joanna%20Newsom,https://music.apple.com/album/204051949,Folk|Pop|Rock
Kala,M.I.A.,2007,spotify:album:23vvbZr2ZDlJNZftFAkCqO,https://www.youtube.com/results?search_query=Kala%20-%20M.I.A.,https://music.apple.com/album/296393419,Hip Hop|Electronica
Cross,Justice,2007,spotify:album:4GGazqHvuKwxBjWLFaJkDL,https://www.youtube.com/results?search_query=Cross%20-%20Justice,https://music.apple.com/album/259751732,Electronica
Sound of Silver,LCD Soundsystem,2007,spotify:album:1R8kkopLT4IAxzMMkjic6X,https://www.youtube.com/results?search_query=Sound%20of%20Silver%20-%20LCD%20Soundsystem,https://music.apple.com/album/742432549,Rock|Electronica
In Rainbows,Radiohead,2007,spotify:album:7eyQXxuf2nGj9d2367Gi5f,https://www.youtube.com/results?search_query=In%20Rainbows%20-%20Radiohead,https://music.apple.com/album/1109714933,Rock
Oracular Spectacular,MGMT,2007,spotify:album:6mm1Skz3JE6AXneya9Nyiv,https://www.youtube.com/results?search_query=Oracular%20Spectacular%20-%20MGMT,https://music.apple.com/album/264720008,Rock|Electronica|Pop
Neon Bible,Arcade Fire,2007,spotify:album:4GT6uZod4p5RiDMOVHOMme,https://www.youtube.com/results?search_query=Neon%20Bible%20-%20Arcade%20Fire,https://music.apple.com/album/1252615522,Rock
Myths Of The Near Future,Klaxons,2007,spotify:album:5LnP3SMgg9CyiWss6VTW69,https://www.youtube.com/results?search_query=Myths%20Of%20The%20Near%20Future%20-%20Klaxons,https://music.apple.com/album/1442923575,Rock
"The Good, The Bad & The Queen","The Good, The Bad & The Queen",2007,spotify:album:5d8H2hGGnxAh8sKrK7D7F6,"https://www.youtube.com/results?search_query=The%20Good,%20The%20Bad%20&%20The%20Queen%20-%20The%20Good,%20The%20Bad%20&%20The%20Queen",https://music.apple.com/album/850770330,Rock
All Hope Is Gone,Slipknot,2008,spotify:album:0hFWapnP7orzXCMwNU5DuA,https://www.youtube.com/results?search_query=All%20Hope%20Is%20Gone%20-%20Slipknot,https://music.apple.com/album/926187664,Metal
Fleet Foxes,Fleet Foxes,2008,spotify:album:0Syn17gPB8FVLmRpFiYWyM,https://www.youtube.com/results?search_query=Fleet%20Foxes%20-%20Fleet%20Foxes,https://music.apple.com/album/281086394,Pop|Folk|Rock
Third,Portishead,2008,spotify:album:18JyZd2XLdT2rmekw6EwoS,https://www.youtube.com/results?search_query=Third%20-%20Portishead,https://music.apple.com/album/1440633834,Electronica|Rock
Dear Science,TV On The Radio,2008,spotify:album:1nj2Tvse0XTmAZg63pVkkP,https://www.youtube.com/results?search_query=Dear%20Science%20-%20TV%20On%20The%20Radio,https://music.apple.com/album/1442865075,Rock
The Renaissance,Q-Tip,2008,spotify:album:3WuIu9uaZktPRoXJ6WZp36,https://www.youtube.com/results?search_query=The%20Renaissance%20-%20Q-Tip,https://music.apple.com/album/1445859394,Hip Hop
The Age Of The Understatement,The Last Shadow Puppets,2008,spotify:album:2y3Rm0cT1xbf2NoTQwKv99,https://www.youtube.com/results?search_query=The%20Age%20Of%20The%20Understatement%20-%20The%20Last%20Shadow%20Puppets,https://music.apple.com/album/278689654,Rock
The Seldom Seen Kid,Elbow,2008,spotify:album:25KJ3Be6nm3mvFOOKZU2TE,https://www.youtube.com/results?search_query=The%20Seldom%20Seen%20Kid%20-%20Elbow,https://music.apple.com/album/1440761104,Rock
Seventh Tree,Goldfrapp,2008,spotify:album:4YGQn2C71NbOEgSQM9fxRt,https://www.youtube.com/results?search_query=Seventh%20Tree%20-%20Goldfrapp,https://music.apple.com/album/1143247458,Electronica|Pop
Only By The Night,Kings of Leon,2008,spotify:album:5CZR6ljD0x9fTiS4mh9wMp,https://www.youtube.com/results?search_query=Only%20By%20The%20Night%20-%20Kings%20of%20Leon,https://music.apple.com/album/290302885,Rock
Two Dancers,Wild Beasts,2009,spotify:album:1zIMTcrFvFaK6D2xmQjGTx,https://www.youtube.com/results?search_query=Two%20Dancers%20-%20Wild%20Beasts,https://music.apple.com/album/328452563,Rock
xx,The xx,2009,spotify:album:2nXJkqkS1tIKIyhBcFMmwz,https://www.youtube.com/results?search_query=xx%20-%20The%20xx,https://music.apple.com/album/329481191,Pop|Rock
Merriweather Post Pavilion,Animal Collective,2009,spotify:album:4F4ykbsg5C8sL5WX364PvB,https://www.youtube.com/results?search_query=Merriweather%20Post%20Pavilion%20-%20Animal%20Collective,https://music.apple.com/album/300683110,Rock|Pop
Fever Ray,Fever Ray,2009,spotify:album:56pR0SwZfVQFSIVWzM1eow,https://www.youtube.com/results?search_query=Fever%20Ray%20-%20Fever%20Ray,https://music.apple.com/album/827807445,Pop|Electronica
It's Blitz!,Yeah Yeah Yeahs,2009,spotify:album:5HBmdEPIzWtcWwH2JSv7go,https://www.youtube.com/results?search_query=It's%20Blitz!%20-%20Yeah%20Yeah%20Yeahs,https://music.apple.com/album/1440771833,Rock|Punk|Electronica
Veckatimest,Grizzly Bear,2009,spotify:album:6FIFqclBriPCb0SjWDaHIk,https://www.youtube.com/results?search_query=Veckatimest%20-%20Grizzly%20Bear,https://music.apple.com/album/314837656,Pop|Folk|Rock
Sometimes I Wish We Were An Eagle,Bill Callahan,2009,spotify:album:4bKHXqEVmt32YU7u51GIHB,https://www.youtube.com/results?search_query=Sometimes%20I%20Wish%20We%20Were%20An%20Eagle%20-%20Bill%20Callahan,https://music.apple.com/album/311310235,Country
Bitte Orca,Dirty Projectors,2009,spotify:album:2Geg4mwE8z9DO5BSSUoMKz,https://www.youtube.com/results?search_query=Bitte%20Orca%20-%20Dirty%20Projectors,https://music.apple.com/album/318004199,Pop|Folk|Rock|Electronica
Halcyon Digest,Deerhunter,2010,spotify:album:1HUMjB15ARg96KIypcGzYY,https://www.youtube.com/results?search_query=Halcyon%20Digest%20-%20Deerhunter,https://music.apple.com/album/1544977689,Rock
Brothers,The Black Keys,2010,spotify:album:0gVxPZ2tcMgyzLxyw8k1z7,https://www.youtube.com/results?search_query=Brothers%20-%20The%20Black%20Keys,https://music.apple.com/album/1534937444,Rock|Blues
The Suburbs,Arcade Fire,2010,spotify:album:20fJJzq5ImlT929uORjN0h,https://www.youtube.com/results?search_query=The%20Suburbs%20-%20Arcade%20Fire,https://music.apple.com/album/1252757950,Rock
High Violet,The National,2010,spotify:album:4vBvnlmaiyoEf04hLe5SLo,https://www.youtube.com/results?search_query=High%20Violet%20-%20The%20National,https://music.apple.com/album/401440905,Rock
Queen Of Denmark,John Grant,2010,spotify:album:4JqaU9JdOp2yyOxv7qSaFM,https://www.youtube.com/results?search_query=Queen%20Of%20Denmark%20-%20John%20Grant,https://music.apple.com/album/1085297543,Pop|Folk
Teen Dream,Beach House,2010,spotify:album:5BouX39qnrl5UxjB0Cs3lO,https://www.youtube.com/results?search_query=Teen%20Dream%20-%20Beach%20House,https://music.apple.com/album/349535407,Pop|Rock
My Beautiful Dark Twisted Fantasy,Kanye West,2010,spotify:album:6LBiuhK7PZKjVXyMfPxPoh,https://www.youtube.com/results?search_query=My%20Beautiful%20Dark%20Twisted%20Fantasy%20-%20Kanye%20West,https://music.apple.com/album/1440742903,Hip Hop
The ArchAndroid,Janelle Monáe,2010,spotify:album:7MvSB0JTdtl1pSwZcgvYQX,https://www.youtube.com/results?search_query=The%20ArchAndroid%20-%20Janelle%20Mon%C3%A1e,https://music.apple.com/album/370300698,Pop|Soul
Let England Shake,PJ Harvey,2011,spotify:album:2JfiVMvVhdueC48EmskS7t,https://www.youtube.com/results?search_query=Let%20England%20Shake%20-%20PJ%20Harvey,https://music.apple.com/album/1213996598,Rock
D,White Denim,2011,spotify:album:24l0lgTXOsgBms7ISsLKcn,https://www.youtube.com/results?search_query=D%20-%20White%20Denim,https://music.apple.com/album/1443877566,Rock
21,Adele,2011,spotify:album:5duyQokC4FMcWPYTV9Gpf9,https://www.youtube.com/results?search_query=21%20-%20Adele,https://music.apple.com/album/1544491232,Pop
Channel Orange,Frank Ocean,2012,spotify:album:623Ef2ZEB3Njklix4PC0Rs,https://www.youtube.com/results?search_query=Channel%20Orange%20-%20Frank%20Ocean,https://music.apple.com/album/1440765580,Hip Hop|Soul|Pop
In Our Heads,Hot Chip,2012,spotify:album:5GDNKEug3ME9sCAtCU0vu7,https://www.youtube.com/results?search_query=In%20Our%20Heads%20-%20Hot%20Chip,https://music.apple.com/album/516425052,Electronica|Rock
Django Django,Django Django,2012,spotify:album:1in9OlbNsLoJ8obUGhktxa,https://www.youtube.com/results?search_query=Django%20Django%20-%20Django%20Django,https://music.apple.com/album/547341415,Rock
Blunderbuss,Jack White,2012,spotify:album:6eSJ0lu0uwtiqXkP7Qrrno,https://www.youtube.com/results?search_query=Blunderbuss%20-%20Jack%20White,https://music.apple.com/album/519241047,Rock
"good kid, m.A.A.d city",Kendrick Lamar,2012,spotify:album:0Oq3mWfexhsjUh0aNNBB5u,"https://www.youtube.com/results?search_query=good%20kid,%20m.A.A.d%20city%20-%20Kendrick%20Lamar",https://music.apple.com/album/1471277623,Hip Hop
BEYONCÉ,Beyoncé,2013,spotify:album:2UJwKSBUz6rtW4QLK74kQu,https://www.youtube.com/results?search_query=BEYONC%C3%89%20-%20Beyonc%C3%A9,https://music.apple.com/album/939783754,Pop|Soul
m b v,My Bloody Valentine,2013,spotify:album:2SlSnUYW5bgtdWXVymv18a,https://www.youtube.com/results?search_query=m%20b%20v%20-%20My%20Bloody%20Valentine,https://music.apple.com/album/1556924265,Rock
Yeezus,Kanye West,2013,spotify:album:7D2NdGvBHIavgLhmcwhluK,https://www.youtube.com/results?search_query=Yeezus%20-%20Kanye%20West,https://music.apple.com/album/1440873068,Hip Hop
The Bones Of What You Believe,CHVRCHES,2013,spotify:album:03U41p2XNP3oP3REeEDMrQ,https://www.youtube.com/results?search_query=The%20Bones%20Of%20What%20You%20Believe%20-%20CHVRCHES,https://music.apple.com/album/1450852683,Electronica|Pop
The Next Day,David Bowie,2013,spotify:album:16F7X7WOFZhMwQNsMil7lq,https://www.youtube.com/results?search_query=The%20Next%20Day%20-%20David%20Bowie,https://music.apple.com/album/590825692,Rock
LP1,FKA twigs,2014,spotify:album:4in34qwyUghNc9ykmH2BTO,https://www.youtube.com/results?search_query=LP1%20-%20FKA%20twigs,https://music.apple.com/album/1546107580,Pop|Electronica
1989,Taylor Swift,2014,spotify:album:5fy0X0JmZRZnVa2UEicIOl,https://www.youtube.com/results?search_query=1989%20-%20Taylor%20Swift,https://music.apple.com/album/1440935467,Pop
To Pimp A Butterfly,Kendrick Lamar,2015,spotify:album:7ycBtnsMtyVbbwTfJwRjSP,https://www.youtube.com/results?search_query=To%20Pimp%20A%20Butterfly%20-%20Kendrick%20Lamar,https://music.apple.com/album/1440871877,Hip Hop
Music in Exile,Songhoy Blues,2015,spotify:album:0DVAsW7CZkaUg8zv0FinJI,https://www.youtube.com/results?search_query=Music%20in%20Exile%20-%20Songhoy%20Blues,https://music.apple.com/album/971619376,World|Rock|Blues
Lost In The Dream,The War On Drugs,2014,spotify:album:51VxHZphGLsI7aUPqIkJaz,https://www.youtube.com/results?search_query=Lost%20In%20The%20Dream%20-%20The%20War%20On%20Drugs,https://music.apple.com/album/765568650,Rock
25,Adele,2015,spotify:album:6TVfiWmo8KtflUAmkK9gGF,https://www.youtube.com/results?search_query=25%20-%20Adele,https://music.apple.com/album/1051332740,Pop
Vulnicura,Björk,2015,spotify:album:6sJTyQHzjefi0GgknYCgBf,https://www.youtube.com/results?search_query=Vulnicura%20-%20Bj%C3%B6rk,https://music.apple.com/album/1528180553,Pop|Electronica
Blackstar,David Bowie,2016,spotify:album:2w1YJXWMIco6EBf0CovvVN,https://www.youtube.com/results?search_query=Blackstar%20-%20David%20Bowie,https://music.apple.com/album/1059043043,Rock|Jazz
A Seat at the Table,Solange,2016,spotify:album:3Yko2SxDk4hc6fncIBQlcM,https://www.youtube.com/results?search_query=A%20Seat%20at%20the%20Table%20-%20Solange,https://music.apple.com/album/1159507212,Pop|Soul
You Want It Darker,Leonard Cohen,2016,spotify:album:3jeTB3j3QmUs8SPIVleHtU,https://www.youtube.com/results?search_query=You%20Want%20It%20Darker%20-%20Leonard%20Cohen,https://music.apple.com/album/1154144036,Folk|Rock
Konnichiwa,Skepta,2016,spotify:album:6s4vWWWxNrGcKhrOFYRZzk,https://www.youtube.com/results?search_query=Konnichiwa%20-%20Skepta,https://music.apple.com/album/1168936007,Hip Hop
american dream,LCD Soundsystem,2017,spotify:album:4AF1M7bGCFL3LHCtXUUXw5,https://www.youtube.com/results?search_query=american%20dream%20-%20LCD%20Soundsystem,https://music.apple.com/album/1258822744,Rock|Electronica
Melodrama,Lorde,2017,spotify:album:2B87zXm9bOWvAJdkJBTpzF,https://www.youtube.com/results?search_query=Melodrama%20-%20Lorde,https://music.apple.com/album/1428764777,Pop
Drunk,Thundercat,2017,spotify:album:7vHBQDqwzB7uDvoE5bncMM,https://www.youtube.com/results?search_query=Drunk%20-%20Thundercat,https://music.apple.com/album/1197789099,Hip Hop|Soul|Jazz|Funk
Modern Kosmology,Jane Weaver,2017,spotify:album:3qJzzSIfhwtcgsEeMbRlro,https://www.youtube.com/results?search_query=Modern%20Kosmology%20-%20Jane%20Weaver,https://music.apple.com/album/1207871730,Rock|Pop
Ctrl,SZA,2017,spotify:album:76290XdXVF9rPzGdNRWdCh,https://www.youtube.com/results?search_query=Ctrl%20-%20SZA,https://music.apple.com/album/1239976329,Hip Hop|Soul
Take Me Apart,Kelela,2017,spotify:album:6pw1XPub1bSMq03ASVqRVu,https://www.youtube.com/results?search_query=Take%20Me%20Apart%20-%20Kelela,https://music.apple.com/album/1263130527,Soul|Electronica
I See You,The xx,2017,spotify:album:6Zw6NKh3oIUhDRMOyBmsUU,https://www.youtube.com/results?search_query=I%20See%20You%20-%20The%20xx,https://music.apple.com/album/1170763548,Pop|Electronica|Rock
Golden Hour,Kacey Musgraves,2018,spotify:album:7f6xPqyaolTiziKf5R5Z0c,https://www.youtube.com/results?search_query=Golden%20Hour%20-%20Kacey%20Musgraves,https://music.apple.com/album/1440918116,Country|Pop
Microshift,Hookworms,2018,spotify:album:3wDOavy8yEk8G2c0mfyTsA,https://www.youtube.com/results?search_query=Microshift%20-%20Hookworms,https://music.apple.com/album/1302206141,Rock|Electronica
Chris,Christine and the Queens,2018,spotify:album:08LcAgUEeFV4tM3WPPpbYh,https://www.youtube.com/results?search_query=Chris%20-%20Christine%20and%20the%20Queens,https://music.apple.com/album/1403389214,Pop|Electronica
GREY Area,Little Simz,2019,spotify:album:4Wwm4xg2748zhYuzDRFTgY,https://www.youtube.com/results?search_query=GREY%20Area%20-%20Little%20Simz,https://music.apple.com/album/1444318578,Hip Hop
KIWANUKA,Michael Kiwanuka,2019,spotify:album:1yIqauTni1V7l7djYAKSsZ,https://www.youtube.com/results?search_query=KIWANUKA%20-%20Michael%20Kiwanuka,https://music.apple.com/album/1474357932,Soul
Ghosteen,Nick Cave & The Bad Seeds,2019,spotify:album:6UOvMBrdfOWGqSvtQohiso,https://www.youtube.com/results?search_query=Ghosteen%20-%20Nick%20Cave%20&%20The%20Bad%20Seeds,https://music.apple.com/album/1479214340,Rock
Fetch The Bolt Cutters,Fiona Apple,2020,spotify:album:0fO1KemWL2uCCQmM22iKlj,https://www.youtube.com/results?search_query=Fetch%20The%20Bolt%20Cutters%20-%20Fiona%20Apple,https://music.apple.com/album/1507811635,Pop|Rock
evermore,Taylor Swift